event_info,num_ips,has_multiple_ip_ranges,unique_ip_countries,criticite
OSINT - New Hacking team samples (OSX),1,0,1,0.0
OSINT - APT Case RUAG Technical Report,12,1,1,0.0
OSINT New Sofacy Attacks Against US Government Agency by Palo Alto Unit 42,1,0,1,0.0
Guccifer 2.0: All Roads Lead to Russia - Threatconnect report,7,1,1,0.0
OSINT - ProjectSauron: top level cyber-espionage platform covertly extracts encrypted government comms,6,1,1,0.0
OSINT Threat Group-4127 Targets Google Accounts by Secureworks,0,0,0,0.0
OSINT Microsoft Office Zero-Day CVE-2015-2424 Leveraged By Tsar Team report by iSight,1,0,1,0.0
OSINT Regin samples shared by VirusShare,0,0,0,0.0
OSINT  Analysis of Project Cobra Another extensible framework used by the Uroburosâ€™ actors from Gdata,0,0,0,0.0
OSINT Additional yara rules for Equation Drug by Florian Roth,0,0,0,0.0
OSINT 20141029B: Possible RedOctober APT Resurgence from ThreatConnect,0,0,0,0.0
OSINT Puttering into the Future...by Cylance,3,1,1,0.0
OSINT Threat Actors Use Sketchy Dating Website to Launch New Home Router Attacks by Damballa,2,1,1,0.0
Pivot on other email addresses found by using the same physical address as support-apple-id.com - potential sofacy,0,0,0,0.0
OSINT  Cheshire Cat,0,0,0,0.0
OSINT Backdoor.Win32.Equationdrug.A report by Telus,0,0,0,0.0
OSINT Enrichment on OSINT - STRONTIUM: A profile of a persistent and motivated adversary,28,1,1,0.0
OSINT Expansion on APT-28 - Evolving Threats: dissection of a Cyber-Espionage attack,12,1,1,0.0
OSINT Additional yara rules for detection Project Sauron by Florian Roth,0,0,0,0.0
The Million Dollar Dissident - Citizen lab report,6,1,1,0.0
"Malware Posing as Human Rights Organizations and Commercial Software Targeting Iranians, Foreign Policy Institutions and Middle Eastern Countries (ExtremeDownloader and Strealer)",1,0,1,0.0
OSINT New Variants of Agent.BTZ/ComRAT Found: The Threat That Hit The Pentagon In 2008 Still Evolving by Intezer,9,1,1,0.0
Finding Nemo(hosts) from Sofacy by ThreatConnect,52,1,1,0.0
OSINT Duping Doping Domains - Possible Fancy Bear Domains Spoofing Anti-Doping and Olympic Organizations by ThreatConnect,3,1,1,0.0
OSINT Track to the future - How to use historical intelligence to get back to the future and defend your organization (example using APT28) by ThreatConnect,37,1,1,0.0
A Slice of 2017 Sofacy Activity by Kaspersky,0,0,0,0.0
Turla Outlook White Paper,0,0,0,0.0
Emissary Panda Attacks Middle East Government Sharepoint Servers by Palo Alto Unit42,1,0,1,0.0
Malicious PyPI packages,0,0,0,0.0
OSINT - BfV Cyber-Brief Nr. 01/2019 - Hinweis auf aktuelle Angriffskampagne -,0,0,0,0.0
"OSINT - TA505 evolves ServHelper, uses Predator The Thief and Team Viewer Hijacking",0,0,0,0.0
OSINT -  More than a Dozen Obfuscated APT33 Botnets Used for Extreme Narrow Targeting,0,0,0,0.0
OSINT - Iranian PupyRAT Bites Middle Eastern Organizations,2,1,1,0.0
Ransomware Activity Targeting the Healthcare and Public Health Sector,5,1,1,0.0
"OSINT - Anatomy of Attack: Inside BazarBackdoor to Ryuk Ransomware ""one"" Group via Cobalt Strike",0,0,0,0.0
OSINT - UNC2452 / SUNBURST @vxunderground OSINT related findings,0,0,0,0.0
OSINT Threat Advisory: SolarWinds supply chain attack,0,0,0,0.0
Leonardo S.p.A. Data Breach Analysis blog post from Reaqta,0,0,0,0.0
OSINT - DearCry ransomware (abusing Exchange Server),0,0,0,0.0
FireEye Mandiant PulseSecure Exploitation Countermeasures,0,0,0,0.0
Netfilter Rootkit Samples - F. Roth - Google sheet + expansion,0,0,0,0.0
OSINT -  Protecting customers from a private-sector offensive actor using 0-day exploits and DevilsTongue malware,0,0,0,0.0
OSINT - NSO related domains,0,0,0,0.0
OSINT - Mēris botnet,0,0,0,0.0
TinyTurla - Turla deploys new malware to keep a secret backdoor on victim machines,0,0,0,0.0
TraderTraitor: North Korean State-Sponsored APT Targets Blockchain Companies,0,0,0,0.0
Sample Linux miner - XMring,0,0,0,0.0
OSINT - First Exploitation of Follina Seen in the Wild,0,0,0,0.0
#StopRansomware: MedusaLocker,0,0,0,0.0
[TLP:WHITE] Joint CSA: North Korean State-Sponsored Cyber Actors Use Maui Ransomware to Target the Healthcare and Public Health Sector,0,0,0,0.0
Remcos RAT New TTPS – Detection & Response,2,1,1,0.0
[OSINT] No Honor Among Thieves - Prynt Stealer’s Backdoor Exposed,0,0,0,0.0
Prynt Stealer Spotted In the Wild - A New Info Stealer Performing Clipper And Keylogger Activities,0,0,0,0.0
Charting TA2541's Flight,0,0,0,0.0
OSINT - Fortinet says SSL-VPN pre-auth RCE bug is exploited in attacks,7,1,1,0.0
Analysis of FG-IR-22-398 – FortiOS - heap-based buffer overflow in SSLVPNd,19,1,1,0.0
"SNOWYAMBER, HALFRIG, QUARTERRIG - IoC Reference",3,1,1,0.0
SNOWYAMBER - Malware Analysis Report,0,0,0,0.0
HALFRIG - Malware Analysis Report,0,0,0,0.0
QUARTERRIG - Malware Analysis Report,0,0,0,0.0
3CX Software Supply Chain Compromise Initiated by a Prior Software Supply Chain Compromise; Suspected North Korean Actor Responsible,0,0,0,0.0
Volt Typhoon targets US critical infrastructure with living-off-the-land techniques,0,0,0,0.0
Chinese Threat Actors Targeting Europe in SmugX Campaign,5,1,1,0.0
MoustachedBouncer: Espionage against foreign diplomats in Belarus,0,0,0,0.0
Active Exploitation of Two Zero-Day Vulnerabilities in Ivanti Connect Secure VPN,13,1,1,0.0
A host (hosted in RU) with only phishing websites,1,0,1,0.0
OSINT - KrustyLoader - Rust malware linked to Ivanti ConnectSecure compromises,0,0,0,0.0
OSINT - Potential abuse by Lazarus group using LinkedIn to spread malware,0,0,0,0.0
Lazarus infrastructure (pivot via Censys),6,1,1,0.0
OSINT - ArcaneDoor - New espionage-focused campaign found targeting perimeter network devices,0,0,0,0.0
OSINT - Kampania APT28 skierowana przeciwko polskim instytucjom rządowym,0,0,0,0.0
OSINT of Exchange 0-day campaign (Atos),4,1,1,0.0
OSINT -  Disrupting active exploitation of on-premises SharePoint vulnerabilities,4,1,1,0.0
Remtasu obtaining Facebook accounts,0,0,0,0.0
Maldoc Cybersecurity in the EU Common Security and Defense Policy,1,0,1,0.0
Mofang: A politically motivated information stealing adversary,24,1,1,0.0
Operation Ghoul: targeted attacks on industrial and engineering organizations,1,0,1,0.0
New VPNFilter malware targets at least 500K networking devices worldwide,13,1,1,0.0
OceanLotus - WateringHole - Framework B 2018,0,0,0,0.0
The Norsk Hydro ransomware attack: An in-depth look,0,0,0,0.0
Operation ShadowHammer,1,0,1,0.0
Malspam pushing Quasar RAT,0,0,0,0.0
Attacks that exploit IE vulnerability (CVE-2020-0674) and Firefox vulnerability (CVE-2019-17026),0,0,0,0.0
WildPressure targets industrial-related entities in the Middle East,0,0,0,0.0
"Newly uncovered DNS tunnelling technique, and new campaign against South Korean gaming company",0,0,0,0.0
OilRig Targets Middle Eastern Telecommunications Organization and Adds Novel C2 Channel with Steganography to Its Inventory,0,0,0,0.0
Epic Manchego â€“ atypical maldoc delivery brings flurry of infostealers,0,0,0,0.0
Turla Crutch: Keeping the â€œback doorâ€ open,0,0,0,0.0
Highly Evasive Attacker Leverages SolarWinds Supply Chain to Compromise Multiple Global Victims With SUNBURST Backdoor,10,1,1,0.0
Dark Halo Leverages SolarWinds Compromise to Breach Organizations,51,1,1,0.0
ZINC attacks against security researchers,0,0,0,0.0
More LodaRAT infrastructure targeting Bangladesh uncovered,6,1,1,0.0
HAFNIUM targeting Exchange Servers with 0-day exploits,32,1,1,0.0
Shining a Light on DARKSIDE Ransomware Operations,6,1,1,0.0
DarkChronicles: the consequences of the Colonial Pipeline attack,0,0,0,0.0
Microsoft signed a malicious Netfilter rootkit,2,1,1,0.0
Operation â€˜Harvestâ€™: A Deep Dive into a Long-term Campaign,1,0,1,0.0
Destructive malware targeting Ukrainian organizations,0,0,0,0.0
Cyberattack on fuel supplier causes supply chain disruption,7,1,1,0.0
New data wiper malware used in Ukraine,0,0,0,0.0
Barco Clickshare themed Emotet,0,0,0,0.0
Industroyer2: Industroyer reloaded,0,0,0,0.0
CatalanGate Extensive Mercenary Spyware Operation against Catalans Using Pegasus and Candiru,0,0,0,0.0
Lookout Uncovers Android Spyware Deployed in Kazakhstan,8,1,1,0.0
Russia’s APT28 uses fear of nuclear war to spread Follina docs in Ukraine,1,0,1,0.0
"Symbiote: A New, Nearly-Impossible-to-Detect Linux Threat",0,0,0,0.0
Aoqin Dragon | Newly-Discovered Chinese-linked APT Has Been Quietly Spying On Organizations For 10 Years,8,1,1,0.0
Return of the Evilnum APT with updated TTPs and new targets,0,0,0,0.0
Targeted attack on industrial enterprises and public institutions,6,1,1,0.0
Attackers target Ukraine using GoMet backdoor,1,0,1,0.0
TA505 Group’s TeslaGun In-Depth Analysis,22,1,1,0.0
Chiseling In: Lorenz Ransomware Group Cracks MiVoice And Calls Back For Free,7,1,1,0.0
"Financially motivated, dangerously activated:  OPERA1ER APT in Africa",11,1,1,0.0
Turla: A Galaxy of Opportunity,1,0,1,0.0
"Sweet QuaDreams A First Look at Spyware Vendor QuaDream’s Exploits, Victims, and Customers",0,0,0,0.0
Cadet Blizzard emerges as a novel and distinct Russian threat actor,1,0,1,0.0
IoT devices and Linux-based systems targeted by OpenSSH trojan campaign,6,1,1,0.0
Chinese Threat Actors Targeting Europe in SmugX Campaign,4,1,1,0.0
Charming Kitten Updates POWERSTAR with an InterPlanetary Twist,0,0,0,0.0
German Embassy Lure: Likely Part of Campaign Against NATO Aligned Ministries of Foreign Affairs,0,0,0,0.0
The attack against Danish critical infrastructure,13,1,1,0.0
NSPX30: A sophisticated AitM-enabled implant evolving since 2005,0,0,0,0.0
"MOD Netherlands uncovers COATHANGER, a stealthy Chinese FortiGate RAT",0,0,0,0.0
APT29 Uses WINELOADER to Target German Political Parties,1,0,1,0.0
Malicious activities linked to the Nobelium intrusion set,0,0,0,0.0
Impact of FrostyGoop ICS Malware on Connected OT Systems,0,0,0,0.0
EastWind campaign: new CloudSorcerer attacks on government organizations in Russia,0,0,0,0.0
State-backed attackers and commercial surveillance vendors repeatedly use the same exploits,0,0,0,0.0
Secret Blizzard compromising Storm-0156 infrastructure for espionage / Snowblind: The Invisible Hand of Secret Blizzard,44,1,1,0.0
More LodaRAT infrastructure targeting Bangladesh uncovered,6,1,2,0.0
Additional IPs for Turla/Uroburos from CIRCL Passive SSL,36,1,2,0.0
OSINT - Turla - Harnessing SSL Certificates Using Infrastructure Chaining,27,1,1,0.0
OSINT - A Look Into Fysbis: Sofacyâ€™s Linux Backdoor,1,0,1,0.0
OSINT - PlugX-Ñ‚ Ó©Ñ€Ñ‚ÑÓ©Ð½ ÑÐ¸ÑÑ‚ÐµÐ¼Ð¸Ð¹Ð³ Ñ†ÑÐ²ÑÑ€Ð»ÑÑ… Ð½ÑŒ,4,1,1,0.0
OSINT - PowerSniff Malware Used in Macro-based Attacks,0,0,0,0.0
OSINT - Taiwan targeted with new cyberespionage back door Trojan,5,1,1,0.0
OSINT - Most prevalent Android ransomware in the West arrives in Japan,0,0,0,0.0
OSINT - New Poison Ivy RAT Variant Targets Hong Kong Pro-Democracy Activists,0,0,0,0.0
OSINT The Ghost Dragon by Cylance,29,1,1,0.0
OSINT - TWO BYTES TO $951M (SWIFT payment system abuse),1,0,1,0.0
OSINT - Ð‘Ð°Ð½ÐºÐ¾Ð²ÑÐºÐ¸Ð¹ Ñ‚Ñ€Ð¾ÑÐ½ÐµÑ† Lurk: ÑÐ¿ÐµÑ†Ð¸Ð°Ð»ÑŒÐ½Ð¾ Ð´Ð»Ñ Ð Ð¾ÑÑÐ¸Ð¸ (Banking Trojan Lurk: specially for Russia),0,0,0,0.0
OSINT - IRONGATE ICS Malware: Nothing to See Here...Masking Malicious Activity on SCADA Systems,0,0,0,0.0
OSINT - PlugX goes to the registry (and India),0,0,0,0.0
OSINT - NANHAISHU RATing the South China Sea,0,0,0,0.0
OSINT Group5: Syria and the Iranian Connection by Citizen Lab,1,0,1,0.0
Pivot on What's in a server name (on APT28/Sofacy) by ThreatConnect,0,0,0,0.0
What's in a server name (on APT28/Sofacy) by ThreatConnect,3,1,1,0.0
OSINT - Rotten Apples: Apple-Like Malicious Phishing Domains by FireEye,0,0,0,0.0
OSINT  Musical Chairs: Multi-Year Campaign Involving New Variant of Gh0st Malware by Palo Alto Networks Unit 42,4,1,1,0.0
OSINT Potao Express samples from contagiodump,0,0,0,0.0
OSINT Duuzer back door Trojan targets South Korea to take over computers by Symantec,0,0,0,0.0
OSINT Analysis of DHS NCCIC Indicators blog post by Secureworks,4,1,1,0.0
OSINT The Italian Connection: An analysis of exploit supply chains and digital quartermasters by Shadowserver,9,1,1,0.0
OSINT Expansion on hacking team VPS IPs using PassiveTotal by Brandon Dixon,31,1,1,0.0
OSINT Winnti OpSMN new malware RE report by Novetta,0,0,0,0.0
OSINT Attacks against Israeli & Palestinian interests by PwC,10,1,1,0.0
OSINT Trend Micro Exposes LURID APT,13,1,1,0.0
A deeper look into ScanBox TLP:GREEN report from PWC UK,20,1,1,0.0
OSINT Bookworm Trojan: A Model of Modular Architecture by Palo Alto Unit 42,0,0,0,0.0
OSINT Tracking MiniDionis: CozyCarâ€™s New Ride Is Related to Seaduke by Unit 42 Palo Alto Networks,3,1,1,0.0
OSINT The Rotten Tomato Campaign,0,0,0,0.0
OSINT Pay No Attention to the Server Behind the Proxy: Mapping FinFisherâ€™s Continuing Proliferation by Citizen Lab,10,1,1,0.0
OSINT Korplug military targeted attacks: Afghanistan & Tajikistan blog post from ESET,0,0,0,0.0
OSINT The Path to Mass-Producing Cyber Attacks by FireEye,20,1,1,0.0
OSINT APT30 detection rules Loki Scanner Yara rules by Florian Roth,0,0,0,0.0
OSINT A deeper look into ScanBox TLP:WHITE report from PWC UK,10,1,1,0.0
OSINT Tibetan Uprising Day Malware Attacks by Citizen Labs,3,1,1,0.0
OSINT Targeted Attacks against Tibetan and Hong Kong Groups Exploiting CVE-2014-4114 by Citizen Lab,0,0,0,0.0
OSINT Babar: espionage software finally found and put under the microscope by gdata,1,0,1,0.0
OSINT The Sofacy plot thickens by PwC,0,0,0,0.0
OSINT An In-Depth Look at How Pawn Stormâ€™s Java Zero-Day Was Used by Trend Micro,4,1,1,0.0
OSINT Defending the White Elephant by Arbor Networks,0,0,0,0.0
OSINT Expansion on Rotten Tomato campaign,0,0,0,0.0
OSINT OSX/Pintsized Backdoor Additional Details by Zataz / Eric Romang,0,0,0,0.0
OSINT New Indicators of Compromise for APT Group Nitro Uncovered blog post by Palo Alto Networks,2,1,1,0.0
Expansion on 596552@qq.com,0,0,0,0.0
OSINT Black Energy 2 malware analysis blog post by Joseph Mlodzianowski,20,1,1,0.0
OSINT Emerging Threat Alert - CVE-2014-4114 blog post by Cylance,0,0,0,0.0
OSINT Generic Yara rule to detect PlugX by Jay DiMartino,0,0,0,0.0
OSINT - Operation Ghoul: targeted attacks on industrial and engineering organizations,1,0,1,0.0
OSINT Snakes in the Satellites: On-going Turla Infrastructure by PassiveTotal,51,1,1,0.0
OSINT - Hunting Libyan Scorpions,1,0,1,0.0
OSINT - Odinaff: New Trojan used in high level financial attacks,0,0,0,0.0
OSINT - PSA: Conference Invite used as a Lure by Operation Lotus Blossom Actors,1,0,1,0.0
OSINT - Flying Dragon Eye: Uyghur Themed Threat Activity,5,1,1,0.0
It’s Parliamentary: KeyBoy and the targeting of the Tibetan Community,8,1,1,0.0
"OSINT - Windows 10: protection, detection, and response against recent Depriz malware attacks",0,0,0,0.0
OSINT - The rise of TeleBots: Analyzing disruptive KillDisk attacks,9,1,1,0.0
OSINT - Danger Close: Fancy Bear Tracking of Ukrainian Field Artillery Units,0,0,0,0.0
OSINT  - Fancy Bear Source Code,1,0,1,0.0
OSINT - Spotlight on Shamoon,1,0,1,0.0
OSINT - Wikileaks Vault7 JQJSNICKER code leak,0,0,0,0.0
OSINT -  Winnti Abuses GitHub for C&C Communications,13,1,1,0.0
OSINT -  Player 3 Has Entered the Game: Say Hello to 'WannaCry',14,1,1,0.0
OSINT - Alert (TA17-132A) Indicators Associated With WannaCry Ransomware,0,0,0,0.0
OSINT - Neo23x0 Yara Rule Set and Sigma Rule Set - WannaCry,0,0,0,0.0
OSINT -  Repository containting orignal and decompiled files of TRISIS/TRITON/HATMAN malware,0,0,0,0.0
OSINT - New traces of Hacking Team in the wild,14,1,1,0.0
OSINT - Cisco IOS CVE-2018-0171 attack,0,0,0,0.0
Panda Malware Broadens - F5 Blog,0,0,0,0.0
TrickBot pir4 loader config,26,1,1,0.0
Wells Fargo Phish,0,0,0,0.0
"""TrickBot"" and ""IcedID"" Botnet IOCs",0,0,0,0.0
One IP hosting multiple phishing domains,1,0,1,0.0
New Phishing Attacks Abuse Excel Internet Query Files,2,1,1,0.0
Sofacy Group’s Parallel Attacks,5,1,1,0.0
OSINT - Tick Group Weaponized Secure USB Drives to Target Air-Gapped Critical Systems,0,0,0,0.0
bank phishing domains,0,0,0,0.0
Clipboard CryptoCoin Hijacker,0,0,0,0.0
Talos Blog - Smoking Guns - Smoke Loader learned new tricks,20,1,1,0.0
"Massive Malvertising Campaign Discovered Attempting 40,000 Infections per Week",0,0,0,0.0
Talos Blog: Multiple Cobalt Personality Disorder,0,0,0,0.0
"RBC Themed Phish, Obfuscated Javascript in .htm attachment",0,0,0,0.0
2019-01-10: North Korea Lazarus Targeting REDBANC,0,0,0,0.0
2019-01-21: APT28 Autoit Zebrocy Progression,0,0,0,0.0
2019-01-25: Lazarus Pakistan Toolkits,0,0,0,0.0
"2019-01-31: ISFB v2 Installs Dridex ""3101""",0,0,0,0.0
2019-03-08: TerraLoader Signed -> JS RAT,0,0,0,0.0
"2019-07-18: Newer ""PoSeidon"" aka ""FindPOS"" aka ""FindStr"" 15.10 Point-of-Sale Malware",0,0,0,0.0
2019-12-10: TrickBot Project â€œAnchor:â€ Window Into Sophisticated Operation,0,0,0,0.0
Muhstik Botnet Attacks Tomato Routers,3,1,1,0.0
Trickbot to Ryuk in Two Hours,9,1,1,0.0
OSINT - TA505 IoC - 2020-06-06,1,0,1,0.0
Linux/CDRThief — Indicators of Compromise - Who is calling? CDRThief targets Linux VoIP softswitches,6,1,1,0.0
"RegretLocker - compiled information, activity and samples",1,0,1,0.0
OSINT - Egregor RaaS Continues the Chaos with Cobalt Strike and Rclone,5,1,1,0.0
OSINT - New campaign targeting security researchers,0,0,0,0.0
OSINT - AN ANALYSIS OF THE EGREGOR RANSOMWARE,1,0,1,0.0
OSINT  - Analyzing attacks taking advantage of the Exchange Server vulnerabilities,0,0,0,0.0
"OSINT - North Korea’s Lazarus APT leverages Windows Update client, GitHub in latest campaign",0,0,0,0.0
CISA - Malware Analysis Report (AR22-055A) - MAR–10369127–1.v1 - MuddyWater,7,1,1,0.0
OSINT - Russia's APT28 uses fear of nuclear war to spread Follina docs in Ukraine,1,0,1,0.0
DangerousSavanna: Two-year long campaign targets financial institutions in French-speaking Africa,11,1,1,0.0
Hezb cryptomining malware,3,1,1,0.0
"Buzzing in the Background: BumbleBee, a New Modular Backdoor Evolved From BookWorm",0,0,0,0.0
Malicious GitHub user and account - distributing malicious code and running  Sordeal-Stealer,0,0,0,0.0
Is Hagga Threat Actor (ab)using FSociety framework ?,3,1,1,0.0
FIN8-LINKED ACTOR TARGETS CITRIX NETSCALER SYSTEMS,2,1,1,0.0
Diving Deep into UNC4841 Operations Following Barracuda ESG Zero-Day Remediation (CVE-2023-2868),62,1,1,0.0
CustomerLoader: a new malware distributing a wide variety of payloads,4,1,1,0.0
BiBi-Linux: A New Wiper Dropped By Pro-Hamas Hacktivist Group,0,0,0,0.0
Phishing targeting Luxembourg services (hosted and served on/from AWS),5,1,1,0.0
"OSINT -  BattleRoyal, DarkGate Cluster Spreads via Email and Fake Browser Updates",2,1,1,0.0
OSINT - ConnectWise ScreenConnect attacks deliver malware,0,0,0,0.0
BatLoader Continues to Abuse Google Search Ads to Deliver Vidar Stealer and Ursnif,0,0,0,0.0
OSINT - #StopRansomware: Akira Ransomware,0,0,0,0.0
TR-87 - CrowdStrike Agent causing BSOD loop on Windows - Faulty Update on Falcon Sensor,0,0,0,0.0
OSINT - GreyNoise Observes Active Exploitation of Cisco Vulnerabilities Tied to Salt Typhoon Attacks,29,1,1,0.0
"New Android Trojan â€œXbotâ€ Phishes Credit Cards and Bank Accounts, Encrypts Devices for Ransom",2,1,1,0.0
ELF Linux/Torte infection (in Wordpress) - MMD-0050-2016,4,1,1,0.0
A case of java trojan (downloader/RCE) for remote minerd hack - MMD-0049-2016,1,0,1,0.0
DDOS.TF = (new) ELF & Win32 DDoS service with ASP + PHP/MySQL MOF webshells - MMD-0048-2016,6,1,1,0.0
Letâ€™s ride with TeslaCrypt,1,0,1,0.0
The return of HackingTeam with new implants for OS X,1,0,1,0.0
Angler EK send Teslacrypt,4,1,1,0.0
New OS X Ransomware KeRanger Infected Transmission BitTorrent Client Installer,0,0,0,0.0
KillDisk and BlackEnergy Are Not Just Energy Sector Threats,9,1,1,0.0
Large malvertising campaign hits popular Dutch websites,2,1,1,0.0
Looking Into a Cyber-Attack Facilitator in the Netherlands,0,0,0,0.0
Operation Groundbait: Espionage in Ukrainian war zones,6,1,1,0.0
Malware used in the Cyberespionage against RUAG,0,0,0,0.0
New Sofacy Attacks Against US Government Agency,1,0,1,0.0
"PokÃ©mon-themed Umbreon Linux Rootkit Hits x86, ARM Systems",0,0,0,0.0
Threat Spotlight: GozNym,0,0,0,0.0
Pawn Storm Ramps Up Spear-phishing Before Zero-Days Get Patched,0,0,0,0.0
New Carbanak / Anunak Attack Methodology,4,1,1,0.0
New wave of Mirai attacking home routers,15,1,1,0.0
The rise of TeleBots: Analyzing disruptive KillDisk attacks,3,1,1,0.0
Carbanak group uses Google for malware command-and-control,0,0,0,0.0
Nile Phish: Large-Scale Phishing Campaign Targeting Egyptian Civil Society,3,1,1,0.0
"Several polish banks hacked, information stolen by unknown attackers",29,1,1,0.0
EternalBlue Exploit Actively Used to Deliver Remote Access Trojans,6,1,1,0.0
Sofacy Attacks Multiple Government Entities,0,0,0,0.0
CVE-2018-4878 (Flash Player up to 28.0.0.137) and Exploit Kits,3,1,1,0.0
CVE-2018-8174 (VBScript Engine) and Exploit Kits,7,1,1,0.0
The King is dead. Long live the King!,0,0,0,0.0
Apache Struts 2 Vulnerability (CVE-2018-11776) Exploited in CroniX Crypto-Mining Campaign,1,0,1,0.0
New HawkEye Reborn Variant Emerges Following Ownership Change,14,1,1,0.0
Mahalo FIN7: Responding to the Criminal Operatorsâ€™ New Tools and Techniques,1,0,1,0.0
FIN6 Compromised E-commerce Platform via Magecart to Inject Credit Card Skimmers Into Thousands of Online Shops,0,0,0,0.0
BRONZE PRESIDENT Targets NGOs,1,0,1,0.0
Shlayer Trojan attacks one in ten macOS users,0,0,0,0.0
Operation Poisoned News: Hong Kong Users Targeted With Mobile Malware via Local News Links,2,1,1,0.0
New RedLine Stealer Distributed Using Coronavirus-themed Email Campaign,1,0,1,0.0
Grandoreiro: How engorged can an EXE get?,0,0,0,0.0
TA551 (Shathak) Word docs push IcedID (Bokbot),0,0,0,0.0
"Goodbye Mworm, Hello Nworm: TrickBot Updates Propagation Module",0,0,0,0.0
xHunt Campaign: Newly Discovered Backdoors Using Deleted Email Drafts and DNS Tunneling for Command and Control,0,0,0,0.0
JavaScript RAT Looking for that Government Cheese,2,1,1,0.0
A Deep Dive into Lokibot Infection Chain,1,0,1,0.0
Malware Analysis: Ragnarok Ransomware,1,0,1,0.0
IndigoZebra APT continues to attack Central Asia with evolving tools,0,0,0,0.0
"FIN8 Threat Actor Spotted Once Again with New ""Sardonic"" Backdoor",1,0,1,0.0
Bahraini Government Hacks Activists with NSO Group Zero-Click iPhone Exploits,7,1,1,0.0
Financial Institutions in the Sight of New JsOutProx Attack Waves,0,0,0,0.0
MeteorExpress | Mysterious Wiper Paralyzes Iranian Trains with Epic Troll,0,0,0,0.0
A wolf in sheep's clothing: Actors spread malware by leveraging trust in Amnesty International and fear of Pegasus,3,1,1,0.0
Monitoring Winnti 4.0 C2 Servers for Two Years,34,1,1,0.0
"PowerPoint attachments, Agent Tesla and code reuse in malware",0,0,0,0.0
The BlueNoroff cryptocurrency hunt is still on,3,1,1,0.0
Campaigns abusing corporate trusted infrastructure hunt for corporate credentials on ICS networks,42,1,1,0.0
Indicators of Compromise Associated with LockBit 2.0 Ransomware,11,1,1,0.0
Log4j2 In The Wild | Iranian-Aligned Threat Actor “TunnelVision” Actively Exploiting VMware Horizon,7,1,1,0.0
BlackCat/ALPHV Ransomware Indicators of Compromise,13,1,1,0.0
UNC3524: Eye Spy on Your Email,0,0,0,0.0
Hive ransomware gets upgrades in Rust,0,0,0,0.0
Ragnar Locker Ransomware Targeting the Energy Sector,0,0,0,0.0
The Curious Case of “Monti” Ransomware: A Real-World Doppelganger BlackBerry Logo,0,0,0,0.0
Preventing Black Basta Ransomware in 2022,0,0,0,0.0
Scraper: Talos Website,11,1,1,0.0
Scraper: Rising Tide: Chasing the Currents of Espionage in the South China Sea,6,1,1,0.0
Scraper: Ransomware Actor Abuses Genshin Impact Anti-Cheat Driver to Kill Antivirus,0,0,0,0.0
"Scraper: Black Basta Ransomware Gang Infiltrates Networks via QAKBOT, Brute Ratel, and Cobalt Strike",3,1,1,0.0
Scraper: DiceyF deploys GamePlayerFramework in online casino development studio,2,1,1,0.0
Scraper: Black Basta Ransomware | Attacks Deploy Custom EDR Evasion Tools Tied to FIN7 Threat Actor - SentinelOne,2,0,1,0.0
InfoSec Handlers Diary Blog - SANS Internet Storm Center,0,0,0,0.0
Threat Analysis: MSI - Masquerading as a Software Installer,0,0,0,0.0
Always Another Secret: Lifting the Haze on China-nexus Espionage in Southeast Asia | Mandiant,0,0,0,0.0
Unmasking MirrorFace: Operation LiberalFace targeting Japanese political entities | WeLiveSecurity,3,1,1,0.0
Unraveling the techniques of Mac ransomware,0,0,0,0.0
No Pineapple! –DPRK Targeting of Medical Research and Technology Sector,9,1,1,0.0
Disrupting SEABORGIUM’s ongoing phishing operations,0,0,0,0.0
In the footsteps of the Fancy Bear: PowerPoint mouse-over event abused to deliver Graphite implants,0,0,0,0.0
Under the hood of a Doppelgänger,3,1,1,0.0
Amazon‑themed campaigns of Lazarus in the Netherlands and Belgium,0,0,0,0.0
DTrack activity targeting Europe and Latin America,0,0,0,0.0
The Unintentional Leak: A glimpse into the attack vectors of APT37,0,0,0,0.0
Bad magic: new APT found in the area of Russo-Ukrainian conflict,1,0,1,0.0
Cloud Atlas targets entities in Russia and Belarus amid the ongoing war in Ukraine,2,1,1,0.0
Mustang Panda APT Group Uses European Commission-Themed Lure to Deliver PlugX Malware,2,1,1,0.0
Suspected Chinese Threat Actors Exploiting FortiOS Vulnerability (CVE-2022-42475),0,0,0,0.0
Dossier Center Investigation: Prigozhin's Cyber ​​Troops,18,1,1,0.0
New MortalKombat ransomware and Laplas Clipper malware threats deployed in financially motivated campaign,1,0,1,0.0
NOBELIUM Uses Poland's Ambassador’s Visit to the U.S. to Target EU Governments Assisting Ukraine,1,0,1,0.0
DarkBit Ransomware Targets Israel with Command-Line Options and Optimized Encryption Routines,0,0,0,0.0
"NewsPenguin, a Previously Unknown Threat Actor, Targets Pakistan with Advanced Espionage Tool",2,1,1,0.0
CrowdStrike Falcon Platform Detects and Prevents Active Intrusion Campaign Targeting 3CXDesktopApp Customers,0,0,0,0.0
WIP26 Espionage | Threat Actors Abuse Cloud Infrastructure in Targeted Telco Attacks,1,0,1,0.0
CloudWizard APT: the bad magic story goes on,1,0,1,0.0
AA23-136A StopRansomware BianLian Ransomware Group,0,0,0,0.0
Midnight Blizzard conducts targeted social engineering over Microsoft Teams,0,0,0,0.0
ToddyCat: Keep calm and check logs,0,0,0,0.0
MuddyWater eN-Able spear-phishing with new TTPs,4,1,1,0.0
Sandworm Disrupts Power in Ukraine Using a Novel Attack Against Operational Technology,5,1,1,0.0
Peach Sandstorm delivers FalseFont to defense sector,0,0,0,0.0
New TTPs observed in Mint Sandstorm campaign targeting high-profile individuals at universities and research orgs,0,0,0,0.0
ESET takes part in global operation to disrupt the Grandoreiro banking trojan,13,1,1,0.0
The Nine Lives of Commando Cat: Analysing a Novel Malware Campaign Targeting Docker,2,1,1,0.0
Thanksgiving 2023 security incident,2,1,1,0.0
HrServ – Previously unknown web shell used in APT attack,0,0,0,0.0
BlueNoroff: new Trojan attacking macOS users,0,0,0,0.0
StripedFly: Perennially flying under the radar,0,0,0,0.0
Exploring the Latest Mispadu Stealer Variant,0,0,0,0.0
PAPERWALL Chinese Websites Posing as Local News Outlets Target Global Audiences with Pro-Beijing Content,9,1,1,0.0
PORTAL KOMBAT A structured and coordinated pro-Russian propaganda network,13,1,1,0.0
Zip uploaded from Iran exploiting cve-2023-38831,0,0,0,0.0
Russia-Aligned TAG-70 Targets European Government and Military Mail Servers in New Espionage Campaign,8,1,1,0.0
CVE-2024-21412: Water Hydra Targets Traders With Microsoft Defender SmartScreen Zero-Day,5,1,1,0.0
Magnet Goblin Targets Publicly Facing Servers Using 1-Day Vulnerabilities,5,1,1,0.0
Ongoing ITG05 operations leverage evolving malware arsenal in global campaigns,4,1,1,0.0
The New Version of JsOutProx is Attacking Financial Institutions in APAC and MENA via GitLab Abuse,4,1,1,0.0
ArcaneDoor - New espionage-focused campaign found targeting perimeter network devices,60,1,1,0.0
Securonix Threat Research Security Advisory: Analysis of Ongoing FROZEN#SHADOW Attack Campaign Leveraging SSLoad Malware and RMM Software for Domain Takeover,4,1,1,0.0
ToddyCat is making holes in your infrastructure,2,1,1,0.0
Tiny BackDoor Goes Undetected – Suspected Turla leveraging MSBuild to Evade detection,0,0,0,0.0
Ikaruz Red Team | Hacktivist Group Leverages Ransomware for Attention Not Profit,0,0,0,0.0
Operation Crimson Palace: Sophos threat hunting unveils multiple clusters of Chinese state-sponsored activity targeting Southeast Asian government,38,1,1,0.0
Predator Spyware Infrastructure Returns Following Exposure and Sanctions,8,1,1,0.0
Threat analysis: Beast Ransomware,0,0,0,0.0
BlueAlpha Abuses Cloudflare Tunneling Service for GammaDrop Staging Infrastructure,1,0,1,0.0
"ICS Threat Analysis: New, Experimental Malware Can Kill Engineering Processes",1,0,1,0.0
Operation AkaiRyū: MirrorFace invites Europe to Expo 2025 and revives ANEL backdoor,5,1,1,0.0
Houken seeking a path by living on the edge with zero-days,8,1,1,0.0
"OSINT - Dridex Actors Get In the Ransomware Game With ""Locky""",0,0,0,1.0
OSINT - Android-based Smart TVs Hit By Backdoor Spread Via Malicious App,0,0,0,1.0
"Malspam collection (2016-03-02) - Locky, TeslaCrypt",30,1,1,1.0
Dridex (2016-03-07),10,1,1,1.0
TeslaCrypt (2016-03-08),4,1,1,1.0
BadMirror: New Android Malware Family Spotted by SherlockDroid,0,0,0,1.0
OSINT - New OS X Ransomware KeRanger Infected Transmission BitTorrent Client Installer,0,0,0,1.0
Dridex (2016-03-09) - botnet 220,24,1,1,1.0
"Malspam (2016-03-09) - Locky, TeslaCrypt",20,1,1,1.0
OSINT - The Cerber Ransomware not only Encrypts Your Data But Also Speaks to You,0,0,0,1.0
Cerber Ransomware,0,0,0,1.0
"Malspam (2016-03-10) - Locky, TeslaCrypt",9,1,1,1.0
OSINT - Android banking trojan masquerades as Flash Player and bypasses 2FA,3,1,1,1.0
OSINT -  Death Comes Calling: Thanatos/Alphabot Trojan Hits the Market,1,0,1,1.0
'Surprise' Ransomware (2016-03-11),0,0,0,1.0
"Malspam (2016-03-14) - Locky, TeslaCrypt",26,1,1,1.0
Potential SpamBots (2016-03-15),7,1,1,1.0
Dridex botnet 222 (20160315),6,1,1,1.0
Dridex of the day (2016-03-16) - botnet 120,41,1,1,1.0
Locky (2016-03-16),8,1,1,1.0
OSINT - STOP SCANNING MY MACRO,0,0,0,1.0
OSINT - Petya Ransomware,0,0,0,1.0
OSINT - Evolution of SamSa Malware Suggests New Ransomware Tactics In Play,0,0,0,1.0
OSINT - McAfee Labs Threat Advisory Ransomware-Locky,4,1,1,1.0
OSINT - TREASUREHUNT: A CUSTOM POS MALWARE TOOL,2,1,1,1.0
Locky of the day (20160328) -  affid=3,6,1,1,1.0
OSINT - Meet Remaiten â€“ a Linux bot on steroids targeting routers and potentially other IoT devices,3,1,1,1.0
Malspam (2016-04-05) - TeslaCrypt,18,1,1,1.0
Dridex (2016-04-06) - botnet 122,23,1,1,1.0
PWS: Win32/Kegotip.C,8,1,1,1.0
Information stealer: Fareit,1,0,1,1.0
OSINT - Locky: the encryptor taking the world by storm,0,0,0,1.0
OSINT - ModPOS: A Framework Lurking in Point-of-Sale System Kernels,2,1,1,1.0
OSINT - Mobile Devices Used to Execute DNS Malware Against Home Routers,0,0,0,1.0
OSINT - New Locky Variant Implements Evasion Techniques,0,0,0,1.0
Rokku Ransomware shows possible link with Chimera,0,0,0,1.0
Dridex (2016-04-12),5,1,1,1.0
New ransomware,1,0,1,1.0
OSINT - New Crypto-Ransomware JIGSAW Plays Nasty Games,0,0,0,1.0
OSINT - Your Package Has Been Successfully Encrypted: TeslaCrypt 4.1A and the Malware Attack Chain,0,0,0,1.0
"CryptXXX: New Ransomware From the Actors Behind Reveton, Dropping Via Angler",2,1,1,1.0
OSINT - powershell used for spreading trojan.laziok through google docs,1,0,1,1.0
OSINT - New FAREIT Strain Abuses PowerShell,0,0,0,1.0
OSINT - Macro Malware Employs Advanced Obfuscation to Avoid Detection,0,0,0,1.0
Malspam (2016-04-28) - Locky,11,1,1,1.0
Malspam (2016-04-28) - Locky (#2),16,1,1,1.0
OSINT - PLATINUM Targeted attacks in South and Southeast Asia,5,1,1,1.0
Fake scan campaings (20160505 - 20160507) using docm - Dridex,3,1,1,1.0
OSINT - New Infostealer Trojan uses Fiddler Proxy & Json.NET,0,0,0,1.0
OSINT - Chinese-language Ransomware Makes An Appearance,0,0,0,1.0
OSINT - Bolek: Leaked Carberp KBot Source Code Complicit in New Phishing Campaigns,10,1,1,1.0
Locky of the day (20160520),1,0,1,1.0
OSINT - Targeted Attacks against Banks in the Middle East,0,0,0,1.0
Malspam - 2016-05-27 - Locky - .docm,15,1,1,1.0
A Universal Windows Bootkit An analysis of the MBR bootkit referred to as â€œHDRootâ€,0,0,0,1.0
"OSINT - CryptXXX Ransomware Learns the Samba, Other New Tricks With Version 3.100",1,0,1,1.0
OSINT - LinkedIn information used to spread banking malware in the Netherlands,1,0,1,1.0
OSINT - Reverse-engineering DUBNIUM,0,0,0,1.0
Malspam (2016-06-22) - .js in .zip - Locky is back,46,1,1,1.0
Malspam 2016-06-24 (Locky),25,1,1,1.0
"OSINT - Doh! New ""Bart"" Ransomware from Threat Actors Spreading Dridex and Locky",0,0,0,1.0
Malspam 2016-06-27,35,1,1,1.0
Malspam 2016-06-28 (Locky campaign subject: 'Updated'),31,1,1,1.0
OSINT - Retefe banking Trojan targets UK banking customers,0,0,0,1.0
Malspam 2016-06-28 (Locky campaign subject: 'report'),32,1,1,1.0
OSINT - Prince of Persia â€“ Game Over,6,1,1,1.0
Malspam 2016-06-29 (campaign subject: 'Financial report'),30,1,1,1.0
Malspam 2016-06-30 (campaign subject: 'Documents copies'),28,1,1,1.0
"Malspam 2016-07-04 (testrun, subject 'Scanned image'), .docm",1,0,1,1.0
"Malspam 2016-07-05 (subject 'Scanned image'), .docm",6,1,1,1.0
OSINT - The Dropping Elephant â€“ aggressive cyber-espionage in the Asian region,0,0,0,1.0
Malspam 2016-07-13 (Locky campaign 'Profile'),32,1,1,1.0
Malspam 2016-07-12 (Locky campaign 'Fw:'),40,1,1,1.0
Malspam 2016-07-14 .wsf campaign,24,1,1,1.0
"Malspam 2016-07-18 .wsf->.gif (campaign: ""RE: firstname.lastname"")",1,0,1,1.0
"Malspam 2016-07-18 .wsf (campaign: ""company database"")",16,1,1,1.0
"Malspam 2016-07-19 .wsf (campaign: ""new invoice"")",16,1,1,1.0
"Malspam 2016-07-19 .docm (campaign: ""Documents from work"")",1,0,1,1.0
"Malspam 2016-07-21 .wsf (campaign: ""fixed invoice"")",18,1,1,1.0
"Malspam 2016-07-22 .js in .zip with embedded Locky (campaign: ""Financial statement"")",4,1,1,1.0
"OSINT - Kovter becomes almost file-less, creates a new file type, and gets some new certificates",0,0,0,1.0
OSINT - The Mad Max DGA,1,0,1,1.0
OSINT - LuminosityLink RAT,1,0,1,1.0
OSINT Massive AdGholas Malvertising Campaigns Use Steganography and File Whitelisting to Hide in Plain Sight by ProofPoint,31,1,1,1.0
OSINT Lost your iPhone? Be on guard for a perfectly-timed Apple ID phishing attack by Hot For Security,0,0,0,1.0
Expansion on OSINT Lost your iPhone? Be on guard for a perfectly-timed Apple ID phishing attack by Hot For Security,2,1,1,1.0
"OSINT - FBI MSIL/Samas.A Ransomware Flash Alerts (FBI Flash Alert MC-000068-MW, February 18, 2016  & FBI Flash Alert MC-000070-MW, March 25, 2016)",0,0,0,1.0
OSINT Angler Exploit Kit Utilizing 302 Cushioning and Domain Shadowing by Zscaler,0,0,0,1.0
OSINT Pony Up: Tracing Ponyâ€™s Threat Cycle and Multi-Stage Infection Chain by Damballa,87,1,1,1.0
OSINT Evolution of the Nuclear Exploit Kit by Cisco Talos group,0,0,0,1.0
OSINT Additional indicators relating to Sofacy (APT28) phishing blog post by PWC,0,0,0,1.0
OSINT Systematic cyber attacks against Israeli and Palestinian targets going on for a year by Norman,0,0,0,1.0
OSINT YiSpecter: First iOS Malware That Attacks Non-jailbroken Apple iOS Devices by Abusing Private APIs by Palo Alto Networks Unit 42,0,0,0,1.0
OSINT Trojan.Win32.Banker.NWT by AlienVault and Telus,0,0,0,1.0
OSINT - Case Study of Malicious Actors: Going Postal by CERT.pl,6,1,1,1.0
OSINT IOC from ponmocup malware,70,1,1,1.0
OSINT The Casino Malvertising Campaign by MalwareBytes,0,0,0,1.0
OSINT Analysis of KRIPTOVOR: Infostealer+Ransomware by FireEye,1,0,1,1.0
FBI Flash Message: MC-000055-BT  EC3/IC4 takedown of the AAEH botnet,1,0,1,1.0
OSINT 'Paying-Days' CryptoWall 3.0 Campaign via Magnitude EK report by malwarefor.me,28,1,1,1.0
OSINT Analysis of malcious CHM file by OpenDNS,2,1,1,1.0
OSINT Dalexis/CTB-Locker malspam campaign by SANS Internet Storm Center,7,1,1,1.0
OSINT Introducing HATs: Highly Annoying Threats by BlueCoat,0,0,0,1.0
OSINT New Discovery: Ties Between Corebot and Darknet Crypt Service by Damballa,2,1,1,1.0
OSINT Without a Trace: Fileless Malware Spotted in the Wild by Trend Micro,0,0,0,1.0
OSINT Cylance SPEAR Team: A Threat Actor Resurfaces from Cylance,14,1,1,1.0
OSINT Macro documents with XOR Encoded Payloads by PhishMe,1,0,1,1.0
OSINT Who's Really Spreading through the Bright Star? by Securelist / Kaspersky,0,0,0,1.0
OSINT When ELF.BillGates met Windows by Arkoon+Netasq,3,1,1,1.0
OSINT The Shade Encryptor: a Double Threat by Kaspersky,0,0,0,1.0
"OSINT KeyRaider: iOS Malware Steals Over 225,000 Apple Accounts to Create Free App Utopia by Palo Alto Networks Unit 42",1,0,1,1.0
OSINT CryptoWall v4 Emerges Days After Cyber Threat Alliance Report by Palo Alto Networks Unit 42,2,1,1,1.0
OSINT Roaming tiger by Anton Cherepanov from ESET,10,1,1,1.0
"OSINT Angler EK: More Obfuscation, Fake Extensions, and Other Nonsense by Talos",5,1,1,1.0
OSINT DTL-12012015-01: Hong Kong SWC attack from Dragon Threat Labs,2,1,1,1.0
OSINT MSRT February update from Microsoft,0,0,0,1.0
OSINT Neutrino Exploit Kit â€“ One Flash File to Rule Them All by SpiderLabs,0,0,0,1.0
OSINT The Teenage Mutant Malvertiser Network by FireEye,6,0,1,1.0
OSINT Angler's best friends by SANS ISC Diary,36,1,1,1.0
OSINT Banking Trojan DRIDEX Uses Macros for Infection blog post from Trend Micro,2,1,1,1.0
OSINT Trojanized PuTTY Software by Cisco CSIRT,3,1,1,1.0
OSINT New 'f0xy' malware is intelligent - employs cunning stealth & trickery from Websense,1,0,1,1.0
OSINT Shellshock exploitation from Red Sky Weekly blog post,19,1,1,1.0
OSINT Assorted IOCs associated to Andromeda restlesz.su domain,0,0,0,1.0
Expansion on OSINT Operation Pawn Storm: The Red in SEDNIT from Trend Micro,1,0,1,1.0
20150415D: Fareit Malware Targeting Steam Users from ThreatConnect,17,1,1,1.0
Fessleak before It Was Cool by OpenDNS,5,1,1,1.0
OSINT Infected Korean Website Installs Banking Malware by Cyphort,4,1,1,1.0
"OSINT Cridex, Feodo, Geodo, Dridex, whats next? by abuse.ch",9,1,1,1.0
OSINT New C2 â€“ Neutrino Exploit Kit via pseudoDarkleech HOPTO.ORG gate delivers CrypMic Ransomware by Broad Analysis,3,1,1,1.0
Malspam 2016-08-16 (.wsf in .zip) - campaign: 'Blank 2',7,1,1,1.0
"Malspam 2016-08-17 (.docm) - campaign: ""Order Confirmation-""",7,1,1,1.0
OSINT Rex -Linux P2P Ransom botnet by This Is Security blog,0,0,0,1.0
OSINT TorrentLocker Ransomware Email IoCs 8/16/2016 by neonPrimeTime user on AlienVault OTX,54,1,1,1.0
OSINT  Aveo Malware Family Targets Japanese Speaking Users by Palo Alto networks Unit 42,3,1,1,1.0
Pivot on whois registrant 844148030@qq.com,0,0,0,1.0
OSINT Shark Ransomware: Ransomware as a service,0,0,0,1.0
Pivot on Shakti domains via PassiveTotal,0,0,0,1.0
"Malspam 2016-08-18 (.wsf in .zip) - campaign: ""Emailing: Label""",6,1,1,1.0
OSINT Bad News Bears - Panda Banker Starts Looking More Like a Grizzly by ProofPoint,0,0,0,1.0
OSINT Android Marcher: Continuously Evolving Mobile Malware by Zscaler,0,0,0,1.0
OSINT Domains and IPs involved in JS ransomware delivered through email by burberry on AlienVault OTX,1,0,1,1.0
"Malspam 2016-08-24 (.hta in .zip) - campaign: ""Emailing{N}.jpg""",8,1,1,1.0
"Malspam 2016-08-26 (.wsf in .zip) - campaign: ""Voice Message from Outside Caller""",21,1,1,1.0
"Malspam 2016-08-29 (.js in .zip) - campaign: ""Commission""",31,1,1,1.0
"Malspam 2016-08-29 (.wsf in .zip) - campaign: ""Please find attached invoice no""",23,1,1,1.0
OSINT - German Speakers Targeted by SPAM Leading to Ozone RAT,0,0,0,1.0
Ransomware - Xorist,0,0,0,1.0
Bitcoinminer installed by malware,0,0,0,1.0
"Malspam 2016-08-31 (.js in .zip) - campaign: ""bank transactions""",38,1,1,1.0
"Malspam 2016-09-01 (.hta in .zip) - campaign: ""Voice Message from Outside Caller""",24,1,1,1.0
"Malspam 2016-09-01 (.wsf in .zip) - campaign: ""Please find attached invoice no:""",25,1,1,1.0
"Malspam 2016-09-02 (.wsf in .zip) - campaign: ""icloud.com""",16,1,1,1.0
Malspam 2016-09-05 (.wsf in .zip),18,1,1,1.0
"Malspam 2016-09-06 (.js in .zip) - campaign: ""August invoice""",1,0,1,1.0
"Malspam 2016-09-06 (.js in .zip) - campaign: ""copies""",1,0,1,1.0
"Malspam 2016-09-06 (.wsf in .zip) - campaign: 'Message from ""CUKPR[x]""'",21,1,1,1.0
"Malspam 2016-09-07 (.js in .zip) - campaign: ""Agreement form""",2,1,1,1.0
Malspam 2016-09-08 (.wsf in .zip) - campaign: icloud.com,25,1,1,1.0
"Malspam 2016-09-09 (.wsf in .zip) - campaign: ""Documents Requested""",15,1,1,1.0
OSINT - The Dukes R&D Finds a New Anti-Analysis Technique,0,0,0,1.0
"Malspam 2016-09-12 (.wsf in .zip) - campaign: ""Photo|Image""",15,1,1,1.0
"Malspam 2016-09-13 (.hta in .zip) - campaign: ""Accounts Documentation - Invoices""",23,1,1,1.0
"Malspam 2016-09-14 (.wsf in .zip) - campaign: ""payment copy""",31,1,1,1.0
"Malspam 2016-09-14 (.wsf in .zip) - campaign: ""Tax invoice""",4,1,1,1.0
"Malspam 2016-09-14 (.js in .zip) - campaign: ""Delivery Confirmation""",6,1,1,1.0
"Malspam 2016-09-15 (.wsf in .zip) - campaign: ""Documents Requested""",39,1,1,1.0
"Malspam 2016-09-15 (.wsf in .zip) - campaign: ""SCAN""",24,1,1,1.0
"Malspam 2016-09-16 (.hta in .zip) - campaign: ""(Attached|Emailing|Copy|File): (Scan|Receipt|Document)(integer)""",25,1,1,1.0
"Malspam 2016-09-15 (.js in .zip) - campagin: ""Booking confirmation""",2,1,1,1.0
"Malspam 2016-09-16 (.js in .zip) - campaign: ""Re: request""",2,1,1,1.0
OSINT - ELF.Rex,0,0,0,1.0
"Malspam 2016-09-19 (.js in .zip) - campaign: ""Express Parcel service""",2,1,1,1.0
Dridex IoC's,0,0,0,1.0
OSINT - Malicious Macros Add Sandbox Evasion Techniques to Distribute New Dridex,0,0,0,1.0
OSINT - Tofsee â€“ modular spambot,0,0,0,1.0
"Malspam 2016-09-30 (.wsf in .zip) - campaign: ""Emailing""",16,1,1,1.0
"Malspam 2016-09-29 (.xls) - campaign: ""Receipt""",8,1,1,1.0
"Malspam 2016-09-30 (.wsf in .zip) - campaign: ""Parcel details""",7,1,1,1.0
"Malspam 2016-09-30 (.doc) - campaign: ""Receipt""",11,1,1,1.0
OSINT - Investigation of Linux.Mirai Trojan family,2,1,1,1.0
"Malspam 2016-10-03 (.xls) - campaign: ""[Scan]""",4,1,1,1.0
OSINT - How Stampado Ransomware Analysis Led To Yara Improvements,0,0,0,1.0
Spam 2016-10-12 (mule acquisition) - probably related to Locky resources,26,1,1,1.0
ELF Linux/NyaDrop,1,0,1,1.0
Spam week 43 (mule acquisition) - probably related to Locky resources,12,1,1,1.0
OSINT - Malspam delivers NanoCore RAT,2,1,1,1.0
OSINT -  The new .LNK between spam and Locky infection,2,1,1,1.0
OSINT - TeamXRat: Brazilian cybercrime meets ransomware,0,0,0,1.0
Yara Rule Set - detection of Empire by Florian Roth (PowerShell and Python post-exploitation agent.),0,0,0,1.0
OSINT - Exaspy â€“ Commodity Android Spyware Targeting High-level Executives,0,0,0,1.0
OSINT - Floki Bot and the stealthy dropper,0,0,0,1.0
OSINT - Ransoc Desktop Locking Ransomware Ransacks Local Files and Social Media Profiles,4,1,1,1.0
OSINT - Microsoft Word Intruder 8 Adds Support for Flash Vulnerability CVE-2016-4117,3,1,1,1.0
OSINT - Nemucod downloader spreading via Facebook,2,1,1,1.0
Cerber 5.0 through Google via onion gateway,0,0,0,1.0
"OSINT - New SmsSecurity Variant Roots Phones, Abuses Accessibility Features and TeamViewer",0,0,0,1.0
OSINT -  Shamoon 2: Return of the Disttrack Wiper,0,0,0,1.0
OSINT - A PBot (PHP + Perl Backdoor IRC Bot + Network Attack Tool) Infection on hegeman.com,0,0,0,1.0
OSINT - MMD-0033-2015 - Linux/XorDDoS infection incident report (CNC: HOSTASA.ORG),6,1,1,1.0
"OSINT - Another story of Unix Trojan: Tsunami/Kaiten.c (IRC/Bot) w/ Flooder, Backdoor at a hacked xBSD",3,1,1,1.0
OSINT - Readers of popular websites targeted by stealthy Stegano exploit kit hiding in pixels of malicious ads,0,0,0,1.0
OSINT - Astrum Drops,0,0,0,1.0
"OSINT - New Scheme: Spread Popcorn Time Ransomware, get chance of free Decryption Key",0,0,0,1.0
OSINT - Guaranteed Clicks: Mobile App Company Takes Control of Android Phones,0,0,0,1.0
OSINT - PROMETHIUM and NEODYMIUM: Parallel zeroday attacks targeting individuals in Europe,0,0,0,1.0
Kaspersky Lab: Spearphishing attack hits industrial companies,6,1,1,1.0
OSINT - Switcher: Android joins the â€˜attack-the-routerâ€™ club,3,1,1,1.0
Android spyware,1,0,1,1.0
OSINT - GRIZZLY STEPPE â€“ Additional expansion,0,0,0,1.0
OSINT -  Updated Sundown Exploit Kit Uses Steganography,2,1,1,1.0
OSINT - Threat Actors Using Legitimate PayPal Accounts To Distribute Chthonic Banking Trojan,0,0,0,1.0
OSINT - Exposing an AV-Disabling Driver Just in Time for Lunch,0,0,0,1.0
OSINT - 2016 Updates to Shifu Banking Trojan,4,1,1,1.0
OSINT - The curious case of a Sundown EK variant dropping a Cryptocurrency Miner,0,0,0,1.0
OSINT - New Variant of Ploutus ATM Malware Observed in the Wild in Latin America,0,0,0,1.0
OSINT - CARBANAK GROUP USES GOOGLE FOR MALWARE COMMAND-AND-CONTROL,0,0,0,1.0
OSINT -  Uncovering the Inner Workings of EyePyramid,0,0,0,1.0
OSINT - Spora - the Shortcut Worm that is also a Ransomware,0,0,0,1.0
Malware 2017-01-26 (.js in .zip) - Cerber,1,0,1,1.0
OSINT - EITest Nabbing Chrome Users with a â€œChrome Fontâ€ Social Engineering Scheme,8,1,1,1.0
"OSINT - Dridex Banking Trojan Returns, Leverages New UAC Bypass Method",3,1,1,1.0
Malspam targeting github users,2,1,1,1.0
OSINT - #OCJP-133: Hancitorãƒžãƒ«ã‚¦ã‚§ã‚¢æ„ŸæŸ“ ã¨ ãƒãƒƒã‚­ãƒ³ã‚°ã•ã‚ŒãŸWordpress,3,1,1,1.0
OSINT - Windows SMBv3 Denial of Service Proof of Concept (0 Day Exploit),0,0,0,1.0
OSINT - ikittens: iranian actor resurfaces with malware for mac (macdownloader),1,0,1,1.0
OSINT -  When A Pony Walks Out Of A Pub,2,1,1,1.0
OSINT - The Curious Case of a Reconnaissance Campaign Targeting Ministry and Embassy Sites,0,0,0,1.0
Erebus Ransomware Utilizes a UAC Bypass and Request a $90 Ransom Payment,0,0,0,1.0
OSINT - Shell Crew Variants Continue to Fly Under Big AVâ€™s Radar,24,1,1,1.0
OSINT - Attackers target dozens of global banks with new malware,1,0,1,1.0
OSINT - menuPass Returns with New Malware and New Attacks Against Japanese Academics and Organizations,0,0,0,1.0
OSINT - LAZARUSâ€™ FALSE FLAG MALWARE,0,0,0,1.0
OSINT - The Rise of Dridex and the Role of ESPs,23,1,1,1.0
OSINT - Additional Insights on Shamoon2,5,1,1,1.0
OSINT - Android malware on the rise,2,1,1,1.0
OSINT - Malware Leveraging PowerSploit,0,0,0,1.0
OSINT -  Preinstalled Malware Targeting Mobile Users,0,0,0,1.0
OSINT - RawPOS Malware Rides Again,0,0,0,1.0
OSINT - PetrWrap: the new Petya-based ransomware used in targeted attacks,0,0,0,1.0
OSINT -  Hunt Case Study: Hunting Campaign Indicators on Privacy Protected Attack Infrastructure,2,1,1,1.0
OSINT - New targeted attack against Saudi Arabia Government,2,1,1,1.0
OSINT - Nasty adware hiding in apps on Google Play Store,0,0,0,1.0
OSINT - Shamoon 2: Delivering Disttrack,0,0,0,1.0
OSINT - APT29 Domain Fronting With TOR,0,0,0,1.0
OSINT - Carbon Paper: Peering into Turlaâ€™s second stage backdoor,0,0,0,1.0
OSINT - Websites compromised in â€˜Decimal IPâ€™ campaign,1,0,1,1.0
OSINT - LMAOxUS Ransomware: Another Case of Weaponized Open Source Ransomware,0,0,0,1.0
"OSINT - High-Volume Dridex Campaigns Return, First to Hit Millions Since June 2016",8,1,1,1.0
OSINT - Off-the-shelf Ransomware Used to Target the Healthcare Sector,0,0,0,1.0
OSINT - Unraveling the Lamberts Toolkit An Overview of a Color-coded Multi-Stage Arsenal,0,0,0,1.0
OSINT - Ewind â€“ Adware in Applicationsâ€™ Clothing,0,0,0,1.0
OSINT - Callisto Group,1,0,1,1.0
OSINT - FlexSpy Application Analysis,4,1,1,1.0
OSINT - Cardinal RAT Active for Over Two Years,0,0,0,1.0
OSINT - Similarities Between Carbanak and FIN7 Malware Suggest Actors Are Closely Related,5,1,1,1.0
"OSINT - OSX Malware is Catching Up, and it wants to Read Your HTTPS Traffic",0,0,0,1.0
OSINT - Use of DNS Tunneling for C&C Communications,0,0,0,1.0
OSINT - Windows Defender ATP thwarts Operation WilySupply software supply chain cyberattack,2,1,1,1.0
OSINT - EPS Processing Zero-Days Exploited by Multiple Threat Actors,3,1,1,1.0
"Password-protected docs 2017-05-10 : Ursnif 2002 - ""payment confirmation.ab1_c23def4lg56hi#78j.docx""",1,0,1,1.0
Ransomware spreading through SMB attacking multiple companies,0,0,0,1.0
OSINT - Massive outbreak of ransomware variant infects large amounts of computers around the world,0,0,0,1.0
2017-05-15 Malspam  00_Invoice_###.PDF,23,1,1,1.0
OSINT - Uiwix Ransomware Using EternalBlue SMB Exploit To Infect Victims,0,0,0,1.0
OSINT - New Loki Variant Being Spread via PDF File,1,0,1,1.0
OSINT - Will Astrum Fill the Vacuum in the Exploit Kit Landscape?,3,1,1,1.0
OSINT - New SMB Worm Uses Seven NSA Hacking Tools. WannaCry Used Just Two,0,0,0,1.0
"Jaff 2017-05-22 : ""Copy of Invoice 12345678"" / ""12345678.PDF""",22,1,1,1.0
"Jaff 2017-05-25 : ""Payment Receipt 1234"" - ""1234.pdf""",23,1,1,1.0
OSINT - Analysis of Emotet v4,0,0,0,1.0
M2M -  Malspam --> 62909008.pdf,16,1,1,1.0
OSINT - Threat actors leverage EternalBlue exploit to deliver non-WannaCry payloads,2,1,1,1.0
OSINT - â€œZusyâ€ PowerPoint Malware Spreads Without Needing Macros,0,0,0,1.0
OSINT - Shadowfall,0,0,0,1.0
OSINT -  The Recorded Future Blog Malicious Android Applications Raise Concerns for Enterprises,10,1,1,1.0
"M2M -  Trickbot 2017-06-07 : ""mac1"" : ""12_Invoice_3456"" - ""001_4321.pdf""",47,1,1,1.0
"M2M -  Jaff 2017-06-06 : ""Order"" - ""MX-2310U_20170606_123456.pdf""",23,1,1,1.0
"M2M -  Dridex 2017-06-05 : botnet 7200 - ""Invoice"" - ""A4 Inv_Crd 12345.pdf""",33,1,1,1.0
"M2M -  Jaff 2017-06-09 : missing subject - ""IMG_1234.ZIP"" / ""DOC_1234.docm""",22,1,1,1.0
"M2M -  Trickbot 2017-06-09 : mac1 : ""Facture AA-123-RR"" / ""Copy Credit Note"" - ""1234567.zip""",46,1,1,1.0
OSINT - FIREBALL â€“ The Chinese Malware of 250 Million Computers Infected,0,0,0,1.0
OSINT - MacRansom: Offered as Ransomware as a Service,0,0,0,1.0
"M2M -  Trickbot 2017-06-12 : mac1 : Facture N 1234 du 12/06/2017 - ""FACTURE_1234.zip""",31,1,1,1.0
"M2M -  Jaff 2017-06-13 : ""Invoice PIS1234567.zip""",20,1,1,1.0
"M2M -  Trickbot 2017-06-14 : mac1 : ""Emailing: 123456789"" - ""123456789.PDF""",61,1,2,1.0
"M2M -  Jaff 2017-06-14 : ""Emailing: 123456789"" - ""123456789.ZIP""",21,1,1,1.0
M2M -  #LokiBot goes  with SWIFT theme,1,0,1,1.0
"OSINT -  McAfee Discovers Pinkslipbot Exploiting Infected Machines as Control Servers; Releases Free Tool to Detect, Disable Trojan",0,0,0,1.0
Malspam 2017-06-21 'Job Application',43,1,1,1.0
M2M -  #trickbot Facture ### via .zip/.WSF,55,1,1,1.0
M2M -  Emailing: ########.jpg zip|wsf,27,1,1,1.0
"M2M -  Trickbot 2017-06-27 : mac1 : ""facture 654321"" - ""abonneau_654321.docm""",60,1,1,1.0
OSINT - DÃ©jÃ  vu: Petya ransomware appears with SMB propagation capabilities,0,0,0,1.0
OSINT - New Variant of Petya Ransomware Spreading Like Wildfire,0,0,0,1.0
OSINT - The MeDoc Connection,2,1,1,1.0
OSINT - New KONNI Campaign References North Korean Missile Capabilities,1,0,1,1.0
OSINT - SpyDealer: Android Trojan Spying on More Than 40 Apps,87,1,1,1.0
OSINT - Spam Campaign Delivers Cross-platform Remote Access Trojan Adwind,1,0,1,1.0
OSINT - LockPoS Joins the Flock,0,0,0,1.0
M2M -  Encrypted Docx Campaign,5,1,1,1.0
M2M -  #trickbot Lloyds Bank,19,1,1,1.0
OSINT - Recent Winnti Infrastructure and Samples,0,0,0,1.0
OSINT - Unravelling .NET with the Help of WinDBG,0,0,0,1.0
OSINT - Linux.Bew: un backdoor para el minado de Bitcoin,2,1,1,1.0
"OSINT - CowerSnail, from the creators of SambaCry",0,0,0,1.0
"OSINT - Real News, Fake Flash: Mac OS X Users Targeted",4,1,1,1.0
"OSINT - A Look at JS_POWMET, a Completely Fileless Malware",0,0,0,1.0
OSINT - TwoFace Webshell: Persistent Access Point for Lateral Movement,0,0,0,1.0
OSINT - Fake Snapchat in Google Play Store,0,0,0,1.0
OSINT - The Blockbuster Saga Continues,9,1,1,1.0
"OSINT - Emotet, New high-volume spam campaign has links pointing to malicious documents that download banking Trojan",0,0,0,1.0
OSINT - Malware uncovered by ESET researchers aimed at gamers,0,0,0,1.0
OSINT - Meet Ovidiy Stealer: Bringing credential theft to the masses,0,0,0,1.0
Malspam 2017-08-24 'Bill-',1,0,1,1.0
OSINT - New Version of â€œTrickbotâ€ Adds Worm Propagation Module,0,0,0,1.0
Malspam 2017-08-25 'New voice message',4,1,1,1.0
OSINT - Operation RAT Cook: Chinese APT actors use fake Game of Thrones leaks as lures,1,0,1,1.0
OSINT - Ukrainian Financial Institutions Targeted by Wave of Malicious EPS File Attacks,0,0,0,1.0
OSINT - Ursnif variant found using mouse movement for decryption and evasion,0,0,0,1.0
OSINT - The ZAYKA and NOOB CryptoMix Ransomware Variants Released in Quick Succession,0,0,0,1.0
OSINT - Reyptson Ransomware Spams Your Friends by Stealing Thunderbird Contacts,0,0,0,1.0
Malspam 2017-08-28 'IMG-',6,1,1,1.0
OSINT - New Nuclear BTCWare Ransomware Released,0,0,0,1.0
OSINT - Javascript malware hosted on US government site which launches powershell to connect to C2.,0,0,0,1.0
"OSINT - Emotet Trojan Acts as Loader, Spreads Automatically",34,1,1,1.0
OSINT - ShadowPad :  popular server management software hit in supply chain attack,0,0,0,1.0
OSINT - Threat actor goes on a Chrome extension hijacking spree,0,0,0,1.0
OSINT - Jimmy Nukebot: from Neutrino with love,0,0,0,1.0
OSINT - SynAck Ransomware Sees Huge Spike in Activity,0,0,0,1.0
OSINT - Dragonfly: Western energy sector targeted by sophisticated attack group,1,0,1,1.0
OSINT -  New multi platform malware/adware spreading via Facebook Messenger,0,0,0,1.0
OSINT - Votiro Labs exposed a new hacking campaign targeting Vietnamese organisations using weaponized Word documents,6,1,1,1.0
OSINT - Cryptocurrency Miner Uses WMI and EternalBlue To Spread Filelessly,0,0,0,1.0
OSINT -  Booters with Chinese Characteristics: The Rise of Chinese Online DDoS Platforms,24,1,1,1.0
Malspam 2017-09-08 - 'Emailed Invoice -' - .html attachment,1,0,1,1.0
OSINT - Malware Group Uses Facebook CDN to Bypass Security Solutions,0,0,0,1.0
Malspam 2017-09-12 - 'Your Amazon.co.uk order' phishing,3,1,1,1.0
"M2M -  Locky 2017-09-19 : Affid=3, offline, "".ykcol"" : ""Emailing - 10008001234"" - ""10008001234.7z""",12,1,1,1.0
"M2M -  Locky 2017-09-19 : Affid=3, offline, "".ykcol"" : ""HERBALIFE Order Number: 6N01001234"" - ""6N01001234_1.7z""",18,1,1,1.0
"M2M -  Locky 2017-09-20 : Affid=3, offline, "".ykcol"" : ""New voice message..."" - ""msg0321.7z""",11,1,1,1.0
"M2M -  Locky 2017-09-18 : Affid=3, offline, "".ykcol"" : ""Message from KM_C224e"" - ""20171809_12345678901.7z""",16,1,1,1.0
"M2M -  Locky: ""Invoice RE-2017-09-21-00xxx""	from ""Amazon Marketplace""",11,1,1,1.0
"M2M -  Locky 2017-09-21/22 : Affid=3, offline, "".ykcol"" : ""PIC_1234"" - ""PIC_1234.7z""",13,1,1,1.0
"M2M -  Locky 2017-09-22 : Affid=3, offline, "".ykcol"" : ""Your Invoice # 123456"" - ""Invoice_file_654321.7z""",15,1,1,1.0
"M2M -  Locky 2017-09-25 : Affid=3, offline, "".ykcol"" : ""Message from 02087654321"" - ""Voice Message.7z""",12,1,1,1.0
"M2M -  Locky 2017-09-25 : Affid=3, offline, "".ykcol"" : ""12_Invoice_3456"" - ""001_1234.7z""",16,1,1,1.0
"M2M -  Locky 2017-09-26 : Affid=3, offline, "".ykcol"":""INVOICE"" - ""A1234567890.7z""",11,1,1,1.0
OSINT - Striking Oil: A Closer Look at Adversary Infrastructure,1,0,1,1.0
"M2M -  Locky 2017-09-26 : Affid=3, offline, "".ykcol"" : ""Invoice PIS1234567"" - ""InvoicePIS1234567.7z""",11,1,1,1.0
OSINT - Threat Actors Target Government of Belarus Using CMSTAR Trojan,0,0,0,1.0
OSINT -  Banking Trojan Attempts To Steal Brazillion$,0,0,0,1.0
"M2M -  Locky 2017-09-29 : Affid=3, offline, "".ykcol"" : ""Invoice"" - ""123456.7z""",13,1,1,1.0
"M2M -  Locky 2017-10-02 : Affid=3, offline, "".ykcol"" : ""New Doc 2017-10-02 - Page 3.7z""",14,1,1,1.0
"M2M -  Locky 2017-10-02 : Affid=3, offline, "".ykcol"" : ""Emailed Invoice - 123456"" - ""I_123456.7z""",14,1,1,1.0
OSINT - Evidence Aurora Operation Still Active Part 2: More Ties Uncovered Between CCleaner Hack & Chinese Hackers,1,0,1,1.0
"M2M -  Locky 2017-10-03 : Affid=3, offline, "".ykcol"" : ""INVOICE"" - ""A_1234567890.7z""",12,1,1,1.0
"M2M -  Locky 2017-10-05 : Affid=3, offline, "".ykcol"" : ""Invoice"" - ""1234567.7z""",16,1,1,1.0
"M2M -  Locky 2017-10-06 : Affid=3, offline, "".ykcol"" : ""Your Remittance Advice"" - ""12345 Remittance.7z""",14,1,1,1.0
OSINT - Significant FormBook Distribution Campaigns Impacting the U.S. and South Korea,0,0,0,1.0
"M2M -  Locky 2017-10-09 : Affid=3, offline, "".ykcol"" : ""Invoice IP1234567"" - ""Invoice-IP1234567.7z""",22,1,1,1.0
"M2M -  Locky 2017-10-10 : Affid=3, offline, "".asasin"" : ""Document ... is complete"" - ""invoice_1234_sign_and_return.7z""",10,1,1,1.0
"M2M -  Locky Affid=3, ""asasin"" / Trickbot ""mac1"" 2017-10-10 : ""Status of invoice A2171234-56"" - ""A2171234-56.html""",37,1,1,1.0
"M2M -  Locky 2017-10-10 : Affid=3, offline, "".asasin"" : ""Voicemail From 845-551-1234"" - ""VMSG12345678_20171010.7z""",15,1,1,1.0
"M2M -  Locky Affid=3, "".asasin""/Trickbot ""mac1"" 2017-10-05 : ""Invoice INV0000123"" - ""Invoice INV0000123.7z""",49,1,1,1.0
"M2M -  Locky Affid=3, "".asasin""/Trickbot ""mac1"" 2017-10-11 : ""Supplement payment 1234567890"" - ""F1234567890_11102017.7z""",58,1,1,1.0
"M2M -  Locky Affid=3, "".asasin""/Trickbot ""mac1"" 2017-10-11 : ""Emailing: 12345678"" - ""12345678.7z""",57,1,1,1.0
OSINT - BlackOasis APT and new targeted attacks leveraging zero-day exploit,1,0,1,1.0
"M2M -  Locky Affid=3, "".asasin""/Trickbot ""mac1"" 2017-10-18 : ""Invoice 123456789 10.18.2017.7z""",45,1,1,1.0
"M2M -  Locky 2017-10-18 : Affid=3, offline, "".asasin"" : ""Message from 02087654321"" - ""Voice Message.7z""",4,1,1,1.0
"M2M -  Malspam 2017-10-19 ""Emailed Invoice - ******""",7,1,1,1.0
OSINT - IoT_reaper: A Rappid Spreading New IoT Botnet,4,1,1,1.0
OSINT - JadeRAT mobile surveillanceware spikes in espionage activity,12,1,1,1.0
Bad Rabbit (via Pastebin),1,0,1,1.0
OSINT - Bad Rabbit: Not-Petya is back with improved ransomware,1,0,1,1.0
"OSINT - Bahamut Revisited, More Cyber Espionage in the Middle East and South Asia",4,1,1,1.0
"M2M -  Locky Affid=3, "".asasin""/Trickbot ""mac1"" 2017-10-31 : ""Invoice INV0000123"" - ""INV0000123.doc""",37,1,1,1.0
Evasive Sage 2.2 Ransomware,0,0,0,1.0
"OSINT - OceanLotus Blossoms: Mass Digital Surveillance and Attacks Targeting ASEAN, Asian Nations, the Media, Human Rights Groups, and Civil Society",0,0,0,1.0
"M2M -  Locky Affid=3, "".asasin"" 2017-11-02 : ""Scan"" - ""Scan00123.doc""",13,1,1,1.0
"M2M -  Locky 2017-11-09 : Affid=3, offline, "".asasin"" : ""Documents"" - ""ABY001234.doc""",10,1,1,1.0
OSINT - 0000 Cryptomix Ransomware Variant Released,0,0,0,1.0
OSINT - Fake Windows Troubleshooting Support Scam Uploads Screenshots & Uses Paypal,0,0,0,1.0
OSINT - Google Discovers New Tizi Android Spyware,0,0,0,1.0
OSINT - Tizi: Detecting and blocking socially engineered spyware on Android,0,0,0,1.0
OSINT - Gaffe Reveals Full List of Targets in Spear Phishing Attack Using Cobalt Strike Against Financial Institutions,2,1,1,1.0
"M2M - ""..doc"" 2017-12-01 : ""12_Invoice_3456"" - ""I_4321.7z""",13,1,1,1.0
"M2M - ""..doc"" 2017-12-05 : 'Message from ""G10PR0123456.MYCOMPANY.COM""' - ""20171205123.zip""",8,1,1,1.0
OSINT - HC7 GOTYA Ransomware Installed via Remote Desktop Services. Spread with PsExec,0,0,0,1.0
OSINT - Multi-stage malware sneaks into Google Play,0,0,0,1.0
OSINT - Attackers Deploy New ICS Attack Framework â€œTRITONâ€ and Cause Operational Disruption to Critical Infrastructure,0,0,0,1.0
OSINT -  WORK Cryptomix Ransomware Variant Released,0,0,0,1.0
OSINT - File Spider Ransomware Targeting the Balkans With Malspam,0,0,0,1.0
OSINT - RIG exploit kit distributes Princess ransomware,2,1,1,1.0
OSINT - Still stealing,0,0,0,1.0
OSINT - GratefulPOS credit card stealing malware - just in time for the shopping season,1,0,1,1.0
OSINT - Zeus Panda Banking Trojan Targets Online Holiday Shoppers,0,0,0,1.0
OSINT - Malspam pushing Locky ransomware tries HoeflerText notifications for Chrome and FireFox,0,0,0,1.0
OSINT - Banking malware on Google Play targets Polish banks,0,0,0,1.0
OSINT - How Mobile Bankbots Disguise as Perfectly Trustworthy Apps,1,0,1,1.0
OSINT - Rise of One More Mirai Worm Variant,0,0,0,1.0
OSINT - North Korea Bitten by Bitcoin Bug: Financially motivated campaigns reveal new dimension of the Lazarus Group,1,0,1,1.0
OSINT - DownAndExec: Banking malware utilizes CDNs in Brazil,0,0,0,1.0
OSINT - Locky Ransomware Pushed Alongside FakeGlobe in Upgraded Spam Campaigns,0,0,0,1.0
OSINT - Sednit espionage group now using custom exploit kit,0,0,0,1.0
Threat Analysis: Malicious Microsoft Word Documents Being Used in Targeted Attack Campaigns,1,0,1,1.0
OSINT - A North Korean Monero Cryptocurrency Miner,1,0,1,1.0
OSINT - MICROCIN MALWARE,0,0,0,1.0
OSINT - First Kotlin-Developed Malicious App Signs Users Up for Premium SMS Services,0,0,0,1.0
OSINT - Suspicious binary delivered as fake jpeg,0,0,0,1.0
"OSINT - Experts analyzed an Advanced ""all in memory"" CryptoWorm",0,0,0,1.0
"M2M -  GlobeImposter ""..doc"" 2018-01-12 : ""Unpaid invoice "" - ""1234567.7z""",8,1,1,1.0
OSINT - First C&C (IPv6) - Azorult,2,0,1,1.0
OSINT - Masuta : Satori Creatorsâ€™ Second Botnet Weaponizes A New Router Exploit.,0,0,0,1.0
Fake Job Application incl. Macro,1,0,1,1.0
OSINT - VERMIN: Quasar RAT and Custom Malware Used In Ukraine,8,1,1,1.0
OSINT - TelegramRAT evades traditional defenses via the cloud,0,0,0,1.0
OSINT - Analyzing CrossRAT,0,0,0,1.0
OSINT - Smominru Monero mining botnet making millions for operators,33,1,1,1.0
OSINT - Dasan Unauthenticated Remote Code Execution - and ongoing abuse,1,0,1,1.0
"OSINT - GandCrab Ransomware Distributed by Exploit Kits, Appends GDCB Extension",0,0,0,1.0
SMS/iMessage phishes forcing users to install/run scripts and update VPN settings,1,0,1,1.0
"OSINT - McAfee Uncovers Operation Honeybee, a Malicious Document Campaign Targeting Humanitarian Aid Groups",0,0,0,1.0
OSINT - Turla Nautilus Implant,1,0,1,1.0
OSINT - APT15 is alive and strong: An analysis of RoyalCli and RoyalDNS,0,0,0,1.0
"OSINT - March 28, 2018: Malware Analysis Report (MAR-10135536.11) â€“ North Korean Trojan: SHARPKNOT",0,0,0,1.0
OSINT - Crypter-as-a-Service Helps jRAT Fly Under The Radar,2,0,1,1.0
OSINT - Black Ruby Ransomware Skips Victims in Iran and Adds a Miner for Good Measure,0,0,0,1.0
OSINT - The WhiteRose Ransomware Is Decryptable & Tells A Strange Story,0,0,0,1.0
OSINT - New Matrix Ransomware Variants Installed Via Hacked Remote Desktop Services,0,0,0,1.0
"OSINT - Forgot About Default Accounts? No Worries, GoScanSSH Didnâ€™t",30,0,1,1.0
OSINT -  IcedID Banking Trojan Teams up with Rovnix for Distribution,1,0,1,1.0
OSINT - Goodbye Cerber? Hello Magniber Ransomware!,0,0,0,1.0
Vurten Ransomware,0,0,0,1.0
Crypren Ransomware,0,0,0,1.0
OSINT - Minecraft & CS:GO Ransomware Strive For Media Attention,0,0,0,1.0
OSINT - Maktub ransomware: possibly rebranded as Iron,0,0,0,1.0
OSINT - On the Economic Significance of Ransomware Campaigns: A Bitcoin Transactions Perspective,0,0,0,1.0
"OSINT - New Orangeworm attack group targets the healthcare sector in the U.S., Europe, and Asia",10,1,1,1.0
OSINT - Who's who in the zoo. Cyberespionage operation targets android users in the Middle East.,2,0,1,1.0
OSINT - GandCrab Version 3 Released With Autorun Feature and Desktop Background,0,0,0,1.0
OSINT - Botnet exploiting GPON Vulnerability,1,0,1,1.0
OSINT - Malicious Apps Get Back on the Play Store Just by Changing Their Name,0,0,0,1.0
Emotet 5-18-2018,19,1,1,1.0
Talos Blog: VPNFilter,13,1,1,1.0
Emotet - 5/17/2018,2,1,1,1.0
Hancitor,0,0,0,1.0
Talos Blog: Threat Roundup for May 18-25,4,1,1,1.0
US-CERT Alert (TA18-149A) HIDDEN COBRA – Joanap Backdoor Trojan and Brambul Server Message Block Worm,86,1,1,1.0
Phishing Domains,0,0,0,1.0
OSINT - Sigrun Ransomware Author Decrypting Russian Victims for Free,0,0,0,1.0
OSINT - PLEAD Downloader Used by BlackTech,1,0,1,1.0
"OSINT - InvisiMole: surprisingly equipped spyware, undercover since 2013",11,1,1,1.0
"OSINT -  Goodfellas, the Brazilian carding scene is after you",0,0,0,1.0
Trend Micro Blog: New KillDisk Variant Hits Latin American Financial Organizations Again,0,0,0,1.0
Malware Analysis Report (AR18-165A) MAR-10135536-12 â€“ North Korean Trojan: TYPEFRAME,7,1,1,1.0
"Clipboard Hijacker Targeting Bitcoin & Ethereum Users Infects Over 300,0000 PCs",0,0,0,1.0
OSINT - New Donut Ransomware,0,0,0,1.0
OSINT - DBGer Ransomware Uses EternalBlue and Mimikatz to Spread Across Networks,0,0,0,1.0
OSINT - Malware That Hit Pyeongchang Olympics Deployed in New Attacks,0,0,0,1.0
"Registrant Tracking for ""earthalgerrity@armyspy.com""",0,0,0,1.0
OSINT - RANCOR: Targeted Attacks in South East Asia Using PLAINTEE and DDKONG Malware Families,8,1,1,1.0
OSINT - APT Attack In the Middle East: The Big Bang,0,0,0,1.0
Trend Micro Blog: Malicious Macro Hijacks Desktop Shortcuts to Deliver Backdoor,0,0,0,1.0
OVH Phishing,0,0,0,1.0
"Email Credential Phish, Dropbox Theme",0,0,0,1.0
Hancitor Intel,0,0,0,1.0
OSINT - Kronos Banking Trojan Used to Deliver New Point-of-Sale Malware,0,0,0,1.0
OSINT - Leafminer: New Espionage Campaigns Targeting Middle Eastern Regions,0,0,0,1.0
OSINT - Kronos Reborn,1,0,1,1.0
OSINT - Malicious document targets Vietnamese officials,2,1,1,1.0
"Ursnif, MALWAREMESSIAGH",0,0,0,1.0
OSINT - CYBER THREATSCAPE  REPORT 2018 - MIDYEAR CYBERSECURITY  RISK REVIEW,0,0,0,1.0
OSINT - Malware Analysis Report (AR18-221A) MAR-10135536-17 â€“ North Korean Trojan: KEYMARBLE- MAR-10135536.r17.v1,3,1,1,1.0
OSINT - SamSam Ransomware Crew Made Nearly $6 Million From Ransom Payments,0,0,0,1.0
OSINT - RedAlpha: New Campaigns Discovered Targeting the Tibetan Community,12,1,1,1.0
OSINT - è‚šè„‘è™«ç»„ç»‡ï¼ˆAPT-C-35ï¼‰ç§»åŠ¨ç«¯æ”»å‡»æ´»åŠ¨æ­éœ²,6,1,1,1.0
OSINT - New Bip Dharma Ransomware Variant Released,0,0,0,1.0
OSINT - Sigma Ransomware Being Distributed Using Fake Craigslist Malspam,0,0,0,1.0
OSINT -  Operation AppleJeus: Lazarus hits cryptocurrency exchange with fake installer and macOS malware,5,1,1,1.0
"OSINT - Multi-exploit IoT/Linux Botnets Mirai and Gafgyt Target Apache Struts, SonicWall",2,0,1,1.0
OSINT - old njRAT activity,2,1,1,1.0
OSINT - Dangerous Invoices and Dangerous Infrastructure,1,0,1,1.0
"OSINT (expanded) - Xbash Combines Botnet, Ransomware, Coinmining in Worm that Targets Linux and Windows",2,1,1,1.0
OSINT - Poison Ivy Group and the Cyberespionage Campaign Against Chinese Military and Goverment,10,1,1,1.0
OSINT - Indicators of Compromise for Malware used by APT28,61,1,1,1.0
OSINT - Persirai: New Internet of Things (IoT) Botnet Targets IP Cameras,2,1,1,1.0
OSINT - CoalaBot: http Ddos Bot,0,0,0,1.0
OSINT - New Fox Ransomware Matrix Variant Tries Its Best to Close All File Handles,0,0,0,1.0
OSINT -  MuddyWater expands operations,4,1,1,1.0
OSINT - 2018-10-09 - HANCITOR INFECTION WITH ZEUS PANDA BANKER,0,0,0,1.0
OSINT - CozyBear â€“ In from the Cold?,0,0,0,1.0
OSINT - Analyzing OilRigâ€™s Ops Tempo from Testing to Weaponization to Delivery,0,0,0,1.0
OSINT - `event-stream` dependency attack steals wallets from users of copay,3,1,1,1.0
OSINT -  DNSpionage Campaign Targets Middle East,8,1,1,1.0
OSINT - Hancitor active again yith new macro - IoCs,0,0,0,1.0
MAR-10219351.r1.v2 (SamSam ransomware),0,0,0,1.0
MAR-10164494.r1.v1 (SamSam ransomware),0,0,0,1.0
MAR-10166283.r1.v1 (SamSam ransomware),0,0,0,1.0
OSINT - Sextortion with a side of ransomware,0,0,0,1.0
"OSINT - â€˜Operation Sharpshooterâ€™ Targets Global Defense, Critical Infrastructure",0,0,0,1.0
OSINT - Password Protected ZIP with Maldoc,0,0,0,1.0
OSINT - The Return of The Charming Kitten,24,1,1,1.0
Malicious ELF binary (Mirai) - 2018-12-22 (collected on a router),1,0,1,1.0
OSINT - Destructive Shamoon Malware Continues its Return with a New Anti-American Message,0,0,0,1.0
Phishing Sites,33,1,1,1.0
FBI FLASH AB-000102-MW,0,0,0,1.0
OSINT - DarkHydrus is launching attacks to targets in Middle East,0,0,0,1.0
OSINT -  Threat Actor â€œCold Riverâ€: Network Traffic Analysis and a Deep Dive on Agent Drable,8,1,1,1.0
OSINT - TA505 Group Adopts New ServHelper Backdoor and FlawedGrace RAT,0,0,0,1.0
OSINT - LoJax Command and Control Domains Still Active,2,1,1,1.0
Incident - pear.php.net - compromised and delivering malicious package,1,0,1,1.0
OSINT - DarkHydrus delivers new Trojan that can use Google Drive for C2 communications,0,0,0,1.0
IOCs Associated with DNS Infrastructure Tampering,9,1,1,1.0
2019-01-28: APT28 XTunnel Backdoor,1,0,1,1.0
2019-01-28: Turla Kazuar RAT,0,0,0,1.0
OSINT - Cisco Job Posting Targets Korean Candidates,0,0,0,1.0
Malicious XLS claiming to be from Deloitte,5,1,1,1.0
OSINT - DanaBot updated with new C&C communication,9,1,1,1.0
OSINT - ChessMaster Makes its Move: A Look into the Campaignâ€™s Cyberespionage Arsenal,0,0,0,1.0
OSINT - New BabyShark Malware Targets U.S. National Security Think Tanks,0,0,0,1.0
"OSINT -  New SLUB Backdoor Uses GitHub, Communicates via Slack",0,0,0,1.0
Fake invoice (per postal mail),0,0,0,1.0
LockerGoga  - yara rules,0,0,0,1.0
OSINT- WinRAR Zero-day (CVE-2018-20250) Abused in Multiple Campaigns,3,1,1,1.0
"Tor hidden services for GandCrab and jokeroo ""vendor""",0,0,0,1.0
OSINT - Hancitor domains,0,0,0,1.0
OSINT - Mirai Compiled for New Processors Surfaces in the Wild,1,0,1,1.0
Malware Analysis Report (AR19-100A) MAR-10135536-8 â€“ North Korean Trojan: HOPLIGHT MAR-10135536.r8.v1,15,1,1,1.0
OSINT - OSINT Reporting Regarding DPRK and TA505 Overlap,1,0,1,1.0
OSINT - 97 domains phishing spread over 10 IP's,20,1,1,1.0
OSINT - Nueva campaÃ±a del grupo ruso TA505 dirigida a Chile y Argentina. #ServHelper,2,1,1,1.0
OSINT - FINTEAM: Trojanized TeamViewer Against Government Targets,0,0,0,1.0
OSINT -  DNSpionage brings out the Karkoff,2,1,1,1.0
OSINT - BabyShark Malware Part Two â€“ Attacks Continue Using KimJongRAT and PCRat,0,0,0,1.0
OSINT -  Analysis of an IRC based Botnet,0,0,0,1.0
OSINT - Goblin Panda continues to target Vietnam,1,0,1,1.0
OSINT - CARBANAK Week - Fire Eye,4,1,1,1.0
OSINT - Buckeye: Espionage Outfit Used Equation Group Tools Prior to Shadow Brokers Leak,0,0,0,1.0
OSINT - keepass(dot)com spreading malware acting as the official site for KeePass password manager. Download for .dmg and .exe files are available on the site.,0,0,0,1.0
OSINT - [Emering] FIN7 JScript Loader Malware,0,0,0,1.0
HIDDEN COBRA - North Korean Malicious Cyber Activity (MAR-10135536.r21.v2),0,0,0,1.0
OSINT -   Sorpresa! JasperLoader targets Italy with a new bag of tricks,6,1,1,1.0
SMTP attackers honeypot logs for 2019-05-26,43,1,1,1.0
Script-maze historical malware seen,0,0,0,1.0
Linux server infection with coinminers (derived from original post with iptables rules),0,0,0,1.0
OSINT - FlawedAmmy RAT,1,0,1,1.0
OSINT - Gaining New Visibility into Financial Threats,7,1,1,1.0
OSINT - Spam Warns about Boeing 737 Max Crashes While Pushing Malware,0,0,0,1.0
OSINT - ThreatHunting/India/,0,0,0,1.0
OSINT - Hide â€˜N Seek Botnet Updates Arsenal with Exploits Against Nexus Repository Manager & ThinkPHP,0,0,0,1.0
Related malware samples,0,0,0,1.0
Soft Cell case - guessed indicators (via Twitter discussion),3,1,1,1.0
OSINT - OSX/Linker: New Mac malware attempts zero-day Gatekeeper bypass,1,0,1,1.0
OSINT - Threat Spotlight: Ratsnif - New Network Vermin from OceanLotus,1,0,1,1.0
OSINT -  SWEED: Exposing years of Agent Tesla campaigns,9,1,1,1.0
OSINT - Turla renews its arsenal with Topinambour,6,0,1,1.0
OSINT - From Carnaval to Cinco de Mayo â€“ The journey of Amavaldo,0,0,0,1.0
OSINT - Sharpening the Machete,6,1,1,1.0
OSINT -  Recent Cloud Atlas activity,2,1,1,1.0
OSINT - Emotet is back,25,1,1,1.0
OSINT - Mirai - Loligang bot,1,0,1,1.0
OSINT - Gamaredon group,0,0,0,1.0
OSINT - ESET discovered an undocumented backdoor used by the infamous Stealth Falcon group,3,1,1,1.0
OSINT - New Gootkit Banking Trojan campaign against Italian Companies and Users.,3,1,1,1.0
OSINT - Emotet Updated C2 Info 9/20,0,0,0,1.0
OSINT - #EmissaryPanda #APT older sample (2018),0,0,0,1.0
OSINT - Chrome 0-day exploit CVE-2019-13720 used in Operation WizardOpium,1,0,1,1.0
OSINT - Turla/Venomous Bear Implants,0,0,0,1.0
OSINT - Dans lâ€™Å“il de notre CyberSOC : la campagne malspam Aggah diversifie ses outils,0,0,0,1.0
IECrypt sample analysed with VMRay Analyzer Report for Sample #245141 (IECrypt),0,0,0,1.0
OSINT - BitPaymer Source Code Fork: Meet DoppelPaymer Ransomware and Dridex 2.0,0,0,0,1.0
OSINT - Trojan.ElectrumDoSMiner -  a Trojan responsible for the denial of service attacks against Electrum bitcoin wallets.,4,1,1,1.0
OSINT - Reversing a real-world 249 bytes backdoor!,0,0,0,1.0
OSINT - Spam via mobile phone,0,0,0,1.0
VBS Downloader and Defender Control,9,1,1,1.0
Emotet/Trickbot,2,1,1,1.0
Ako Ransomware,1,0,1,1.0
Emotet - Trickbot - CobaltStrike - gtag mor85,2,1,1,1.0
Dever Ransomware,1,0,1,1.0
XMRig & Masscan,1,0,1,1.0
IRS Doc Malware,8,1,1,1.0
Trickbot and AdFind Recon,2,1,1,1.0
Ostap Maldoc Samples,2,1,1,1.0
Racoon Stealer,0,0,0,1.0
Interesting Recon Script,0,0,0,1.0
Remcos RAT 02-28-20,2,1,1,1.0
Harma and Odveta Ransomware,4,1,1,1.0
"Rhombus - Linux DDoS botnet aims VPS & IoT, w/persistence & dropper",4,1,1,1.0
OSINT - revengeRAT targeting France,1,0,1,1.0
Trickbot Gtag QW1,2,1,1,1.0
Trickbot Gtag lib693/tt0002,40,1,1,1.0
Lokibot Equation Editor Sample,2,1,1,1.0
OSINT - Pivot from IP address (105.235.129.138) where the C2 was running,1,0,1,1.0
Ursnif Campaign f1.pipen.at,6,1,1,1.0
Trickbot to Pyxie,59,1,1,1.0
Linux/Mirai-Hilix (w/New TABLE encoder) aims Realtek & Huawei routers,4,1,1,1.0
Linux/KAITEN AK47(a Mod-Telnet-Scanner) & Echo-loader hexstrings spread,5,1,1,1.0
OSINT - New Cyber Operation Targets Italy: Digging Into the Netwire Attack Chai,1,0,1,1.0
OSINT - IQ-FA006:Dridex XLS Documents with Fancy Lures,0,0,0,1.0
Dridex to Empire,15,1,1,1.0
RegretLocker - VMRay Analyzer Report for Sample #1500977,8,1,1,1.0
OSINT - Babuk Ransomware,0,0,0,1.0
Gamaredon Group (common notes from McAfee and other sources),0,0,0,1.0
CISA.gov - AA21-062A Mitigate Microsoft Exchange Server Vulnerabilities,15,1,1,1.0
Nanocore 20210816,0,0,0,1.0
OSINT - Cytrox Spyware Indicators of Compromise,0,0,0,1.0
A22-108A TraderTraitor North Korean State-Sponsored APT Targets Blockchain Companies,13,1,1,1.0
Phishing La Banque Postale - Lookyloo Capture (http://one.doesntexist.com/p/b2ba4),0,0,0,1.0
CISA - MAR-10382254.r1.v1: XMRIG Cryptominer,0,0,0,1.0
Microsoft Office 365 Phishing - hosted on IPFS - https://ipfs.io/ipfs/QmdZDtyPrvVegTU7p6JZ5dm3CoZnH2qdEjTRfsUY8Nncwh,0,0,0,1.0
CISA - MAR-10459736.r1.v1 - WHIRLPOOL Variant,0,0,0,1.0
Pandora analysis (INV0027378237.7z) - Malicious attachment,0,0,0,1.0
Police.CH - Erpresserische Kryptowährung-Adressen,0,0,0,1.0
Spyware Telegram mod distributed via Google Play - Evil Telegram doppelganger attacks Chinese users,0,0,0,1.0
AA23-250A: Multiple Nation-State Threat Actors Exploit CVE-2022-47966 and CVE-2022-42475,23,1,1,1.0
PSA: Fake CVE-2023-45124 Phishing Scam Tricks Users Into Installing Backdoor Plugin,0,0,0,1.0
AA23-339A Threat Actors Exploit Adobe ColdFusion CVE- 2023-26360 for Initial Access to Government Servers,1,0,1,1.0
AA22-138B Threat Actors Chaining VMware Vulnerabilities for Full System Control,20,1,1,1.0
OSINT - Advisory: Active exploitation of Check Point Remote Access VPN vulnerability (CVE-2024-24919),4,1,1,1.0
CISA - AA24-131A #StopRansomware: Black Basta,20,1,1,1.0
OSINT - RDGAs: The Next Chapter in Domain Generation Algorithms,0,0,0,1.0
Fake booking.com website - Lookyloo Capture (https://booking-0ef4-8213-ae7f-3fec3e22.1facc.pw/?stays=superb-apartment-to-rent-in-central-nijmegen&sid=9648547963&id=376818034&awg_dvm=FCgjGHuw8y),0,0,0,1.0
OSINT - NGate Android malware relays NFC traffic to steal cash,1,0,1,1.0
FluBot - Distribution vectors & Threat network infrastructure,0,0,0,1.0
OSINT - Unraveling SloppyLemming’s Operations Across South Asia,0,0,0,1.0
OSINT - Inside the Dragon: DragonForce Ransomware Group,5,1,1,1.0
Investigating FortiManager Zero-Day Exploitation (CVE-2024-47575),5,1,1,1.0
OSINT - Game of Emperor: Unveiling Long Term Earth Estries Cyber Intrusions,22,1,1,1.0
Operation Cobalt Whisper: Threat Actor Targets Multiple Industries Across Hong Kong and Pakistan.,8,1,1,1.0
OSINT - Threat Advisory: Oh No Cleo! Cleo Software Actively Being Exploited in the Wild,0,0,0,1.0
spearphishing campaign targeted at least 20 Autonomous System (AS) owners,1,0,1,1.0
OSINT - Lookout Discovers Two Russian Android Spyware Families from Gamaredon APT,8,1,1,1.0
OSINT - Mamba 2FA: A new contender in the AiTM phishing ecosystem,24,1,1,1.0
OSINT - The Qualcomm DSP Driver - How Serbian authorities have deployed surveillance technology and digital repression tactics,0,0,0,1.0
"""Packets everywhere!"" report about delivery abuse system and phishing",3,1,1,1.0
OSINT - Signals of Trouble: Multiple Russia-Aligned Threat Actors Actively Targeting Signal Messenger,0,0,0,1.0
"Over 2,400 IP addresses linked to Astrill VPN, often used by North Korean fake IT workers.",0,0,0,1.0
AA25-071A Stop Ransomware: Medusa Ransomware,0,0,0,1.0
Fake trademark-related invoice,0,0,0,1.0
OSINT - Threat Brief: CVE-2025-31324,18,1,1,1.0
OSINT - New Russia-affiliated actor Void Blizzard targets critical sectors for espionage,0,0,0,1.0
Malicious File Creates Network Socket and Contacts fdh32fsdfhs.shop - Kunai Analysis Report sample - 2d266ab2597c72424aa21bc00718f9a13e5836e8,0,0,0,1.0
The Spy Kittens Are Back: Rocket Kitten 2,3,1,1,1.0
The Dukes: 7 Years of Russian Espionage,31,1,1,1.0
APT28 Under the Scope - A Journey into Exfiltrating Intelligence and Government Information,0,0,0,1.0
Bookworm Trojan: A Model of Modular Architecture,0,0,0,1.0
New wave of cyberattacks against Ukrainian power industry,2,1,1,1.0
Attack Campaign on the Government of Thailand Delivers Bookworm Trojan,11,1,1,1.0
BlackEnergy by the SSHBearDoor : attacks against Ukrainian news media and electric industry,6,1,1,1.0
Sakula Reloaded,1,0,1,1.0
Targeted Malware Attacks against NGO Linked to Attacks on Burmese Government Websites - Citizen Lab,4,1,1,1.0
BOOTRASH - Fireeye,0,0,0,1.0
Packrat: Seven Years of a South American Threat Actor,13,1,1,1.0
SeaDuke - Symantec/PaloAlto,3,1,1,1.0
Operation Potao Express,38,1,1,1.0
Terracotta VPN - RSA,0,0,0,1.0
IsSpace via CVE-2015-5122 - PaloAlto,2,1,1,1.0
APT29 HammerToss - FireEye,0,0,0,1.0
BlackVine - Symantec,1,0,1,1.0
Shifting Tactics: Tracking changes in years-long espionage campaign against Tibetans,9,1,1,1.0
Ad Serving Platform Used By PUA Also Delivers Magnitude Exploit Kit,0,0,0,1.0
Ransomware - NSIS.Onion,1,0,1,1.0
Meet Remaiten â€“ a Linux bot on steroids targeting routers and potentially other IoT devices,3,1,1,1.0
Click-Fraud Ramdo Malware Family Continues to Plague Users,0,0,0,1.0
Jigsaw Ransomware Decrypted: Will delete your files until you pay the Ransom,0,0,0,1.0
Retefe is back in town,1,0,1,1.0
Malware Takes Advantage of Windows â€˜God Modeâ€™,0,0,0,1.0
EITest campaign still going strong,5,1,1,1.0
Neutrino EK and CryptXXX,3,1,1,1.0
RIG exploit kit takes on large malvertising campaign,1,0,1,1.0
Tech support scammers abuse bug in HTML5 to freeze computers,1,0,1,1.0
Ransoc Desktop Locking Ransomware Ransacks Local Files and Social Media Profiles,4,1,1,1.0
The â€œEyePyramidâ€ attacks A homebrew cyberespionage operation that took Italy by storm,0,0,0,1.0
WordPress REST API Vulnerability Abused in Defacement Campaigns,6,1,1,1.0
OFF-THE-SHELF RANSOMWARE USED TO TARGET THE HEALTHCARE SECTOR,0,0,0,1.0
Snake: Coming soon in Mac OS X flavour,1,0,1,1.0
FIN7 Evolution and the Phishing LNK,0,0,0,1.0
Kazuar: Multiplatform Espionage Backdoor with API Access,0,0,0,1.0
WannaCry: Ransomware attacks show strong links to Lazarus group,5,1,1,1.0
Multiple Groups Have Been Exploiting ETERNALBLUE Weeks Before WannaCry,2,1,1,1.0
Not Your Typical Ransomware Infection,6,1,1,1.0
"McAfee Discovers Pinkslipbot Exploiting Infected Machines as Control Servers; Releases Free Tool to Detect, Disable Trojan",3,1,1,1.0
Following the Trail of BlackTechâ€™s Cyber Espionage Campaigns,1,0,1,1.0
Poisoning the Well: Banking Trojan Targets Google Search Results,2,1,1,1.0
Silence â€“ a new Trojan attacking financial organizations,1,0,1,1.0
RickRolled by none other than IoTReaper,10,1,1,1.0
"New Targeted Attack in the Middle East by APT34, a Suspected Iranian Threat Group, Using CVE-2017-11882 Exploit",6,1,1,1.0
Criminals in a festive mood,1,0,1,1.0
Sneaky *.BAT File Leads to Spoofed Banking Page,0,0,0,1.0
Update on Pawn Storm: New Targets and Politically Motivated Campaigns,0,0,0,1.0
Argenta phishing website,0,0,0,1.0
Targeted Attacks In The Middle East,1,0,1,1.0
3 examples of malspam pushing Loki-Bot malware,3,1,1,1.0
Free Ransomware Available on Dark Web,0,0,0,1.0
Invisible resource thieves: The increasing threat of cryptocurrency miners,0,0,0,1.0
New MacOS Backdoor Linked to OceanLotus Found,0,0,0,1.0
Reversed C2 traffic from China,3,0,1,1.0
Malspam pushing Trickbot malware on Friday 2018-05-11,4,1,1,1.0
CVE-2018-8174 (VBScript Engine) and Exploit Kits,6,1,1,1.0
Taking apart a double zero-day sample discovered in joint hunt with ESET,0,0,0,1.0
RANCOR: Targeted Attacks in South East Asia Using PLAINTEE and DDKONG Malware Families,8,1,1,1.0
Advanced Mobile Malware Campaign in India uses Malicious MDM,0,0,0,1.0
Attack inception: Compromised supply chain within a supply chain poses new risks,0,0,0,1.0
DHL-themed malspam reveals embedded malware in animated gif,0,0,0,1.0
PowerPool malware exploits ALPC LPE zero-day vulnerability,1,0,1,1.0
Hide and Script: Inserted Malicious URLs within Office Documentsâ€™ Embedded Videos,0,0,0,1.0
Beobank Phishing 20181203,0,0,0,1.0
More Russian language malspam pushing Shade (Troldesh) ransomware,2,1,1,1.0
"New SLUB Backdoor Uses GitHub, Communicates via Slack",0,0,0,1.0
New Mirai Variant Targets Enterprise Wireless Presentation & Display Systems,0,0,0,1.0
Emotet Gang Switches to Highly Customized Templates Utilizing Stolen Email Content from Victims,0,0,0,1.0
DNSpionage brings out the Karkoff,1,0,1,1.0
Sodinokibi ransomware exploits WebLogic Server vulnerability,1,0,1,1.0
Vulnerable Apache Jenkins exploited in the wild,0,0,0,1.0
Rig Exploit Kit sends Pitou.B Trojan,3,1,1,1.0
An Analysis of Godlua Backdoor,3,1,1,1.0
DarkUniverse â€“ the mysterious APT framework #27,0,0,0,1.0
Mobile Cyberespionage Campaign Distributed Through CallerSpy Mounts Initial Phase of a Targeted Attack,4,1,1,1.0
Ramsay: A cyberâ€‘espionage toolkit tailored for airâ€‘gapped networks,0,0,0,1.0
"Lifting the veil on DeathStalker, a mercenary triumvirate",7,1,1,1.0
Recent Qakbot (Qbot) activity,4,1,1,1.0
"""Lebanese Cedar"" APT Global Lebanese Espionage Campaign Leveraging Web Servers",5,1,1,1.0
Detecting and Preventing Malicious Domains Proactively with DNS Security,3,1,1,1.0
Disgruntled ransomware affiliate leaks the Conti gangâ€™s technical manuals,4,1,1,1.0
"TA551 (Shathak) continues pushing BazarLoader, infections lead to Cobalt Strike",2,1,1,1.0
Indicators of Compromise Associated with Hive  Ransomware,0,0,0,1.0
Domain Propagation Test,0,0,0,1.0
FontOnLake: Previously unknown malware family targeting Linux,5,1,1,1.0
Investigating APT36 or Earth Karkaddan’s Attack Chain and Malware Arsenal,3,1,1,1.0
"Phishing mail impersonating Belgian utility ""De Watergroep""",0,0,0,1.0
Backdoor Activator Malware Running Rife Through Torrents of macOS Apps,0,0,0,1.0
FakeBat delivered via several active malvertising campaigns,0,0,0,1.0
Distinctive Campaign Evolution of Pikabot Malware,3,1,1,1.0
"“Hey, This Isn’t the Right Site!” Distribution of Malware Exploiting Google Ads Tracking",0,0,0,1.0
TA547 Targets German Organizations with Rhadamanthys Stealer,1,0,1,1.0
Ransomware Evolution | How Cheated Affiliates Are Recycling Victim Data for Profit,1,0,1,1.0
Unplugging PlugX: Sinkholing the PlugX USB worm botnet,4,1,1,1.0
TargetCompany’s Linux Variant Targets ESXi Environments,0,0,0,1.0
Persistent Threats from the Kimsuky Group Using RDP Wrapper,2,1,1,1.0
Take my money: OCR crypto stealers in Google Play and App Store,0,0,0,1.0
Malspam 2016-06-24 (Locky),25,1,2,1.0
Malspam 2016-06-27,35,1,3,1.0
Malspam 2016-06-28 (Locky campaign subject: 'report'),32,1,4,1.0
Malspam 2016-06-29 (campaign subject: 'new invoice'),41,1,2,1.0
"OSINT -  Over 100,000 South Korean Users Affected by BlackMoon Campaign",8,1,3,1.0
Fake scan campaings (20160505 - 20160507) using docm - Dridex,3,1,2,1.0
